rec-2762-org,rec-2762-dup-2
rec-2762-dup-0,rec-2762-dup-2
rec-2762-dup-1,rec-2762-dup-2
rec-9492-org,rec-9492-dup-2
rec-9492-dup-0,rec-9492-dup-2
rec-9492-dup-1,rec-9492-dup-2
rec-8334-org,rec-8334-dup-2
rec-8334-dup-0,rec-8334-dup-2
rec-8334-dup-1,rec-8334-dup-2
rec-431-org,rec-431-dup-1
rec-431-dup-0,rec-431-dup-1
rec-2303-org,rec-2303-dup-1
rec-2303-dup-0,rec-2303-dup-1
rec-5508-org,rec-5508-dup-0
rec-5508-org,rec-5508-dup-1
rec-5508-dup-0,rec-5508-dup-1
rec-2823-org,rec-2823-dup-0
rec-2102-org,rec-2102-dup-0
rec-3625-org,rec-3625-dup-2
rec-3625-dup-0,rec-3625-dup-2
rec-3625-dup-1,rec-3625-dup-2
rec-7949-org,rec-7949-dup-0
rec-2363-org,rec-2363-dup-2
rec-2363-dup-0,rec-2363-dup-2
rec-2363-dup-1,rec-2363-dup-2
rec-3788-org,rec-3788-dup-1
rec-3788-dup-0,rec-3788-dup-1
rec-7350-org,rec-7350-dup-0
rec-4549-org,rec-4549-dup-0
rec-4350-org,rec-4350-dup-0
rec-6584-org,rec-6584-dup-1
rec-6584-dup-0,rec-6584-dup-1
rec-5916-org,rec-5916-dup-0
rec-6849-org,rec-6849-dup-0
rec-9055-org,rec-9055-dup-3
rec-9055-dup-0,rec-9055-dup-3
rec-9055-dup-1,rec-9055-dup-3
rec-9055-dup-2,rec-9055-dup-3
rec-3551-org,rec-3551-dup-0
rec-5055-org,rec-5055-dup-0
rec-6102-org,rec-6102-dup-0
rec-2210-org,rec-2210-dup-0
rec-4071-org,rec-4071-dup-1
rec-4071-dup-0,rec-4071-dup-1
rec-7457-org,rec-7457-dup-0
rec-5055-org,rec-5055-dup-2
rec-5055-dup-0,rec-5055-dup-2
rec-5055-dup-1,rec-5055-dup-2
rec-1214-org,rec-1214-dup-0
rec-3252-org,rec-3252-dup-1
rec-3252-dup-0,rec-3252-dup-1
rec-6697-org,rec-6697-dup-1
rec-6697-dup-0,rec-6697-dup-1
rec-5690-org,rec-5690-dup-1
rec-5690-dup-0,rec-5690-dup-1
rec-193-org,rec-193-dup-3
rec-193-dup-0,rec-193-dup-3
rec-193-dup-1,rec-193-dup-3
rec-193-dup-2,rec-193-dup-3
rec-6249-org,rec-6249-dup-2
rec-6249-dup-0,rec-6249-dup-2
rec-6249-dup-1,rec-6249-dup-2
rec-7422-org,rec-7422-dup-2
rec-7422-dup-0,rec-7422-dup-2
rec-7422-dup-1,rec-7422-dup-2
rec-410-org,rec-410-dup-2
rec-410-dup-0,rec-410-dup-2
rec-410-dup-1,rec-410-dup-2
rec-5400-org,rec-5400-dup-0
rec-1378-org,rec-1378-dup-2
rec-1378-dup-0,rec-1378-dup-2
rec-1378-dup-1,rec-1378-dup-2
rec-205-org,rec-205-dup-1
rec-205-dup-0,rec-205-dup-1
rec-5083-org,rec-5083-dup-1
rec-5083-dup-0,rec-5083-dup-1
rec-2054-org,rec-2054-dup-0
rec-3123-org,rec-3123-dup-2
rec-3123-dup-0,rec-3123-dup-2
rec-3123-dup-1,rec-3123-dup-2
rec-7912-org,rec-7912-dup-1
rec-7912-dup-0,rec-7912-dup-1
rec-8026-org,rec-8026-dup-0
rec-279-org,rec-279-dup-1
rec-279-dup-0,rec-279-dup-1
rec-4737-org,rec-4737-dup-2
rec-4737-dup-0,rec-4737-dup-2
rec-4737-dup-1,rec-4737-dup-2
rec-8203-org,rec-8203-dup-0
rec-3813-org,rec-3813-dup-0
rec-5940-org,rec-5940-dup-3
rec-5940-dup-0,rec-5940-dup-3
rec-5940-dup-1,rec-5940-dup-3
rec-5940-dup-2,rec-5940-dup-3
rec-7056-org,rec-7056-dup-0
rec-6226-org,rec-6226-dup-0
rec-6901-org,rec-6901-dup-0
rec-5971-org,rec-5971-dup-1
rec-5971-dup-0,rec-5971-dup-1
rec-7701-org,rec-7701-dup-0
rec-7894-org,rec-7894-dup-0
rec-1137-org,rec-1137-dup-1
rec-1137-dup-0,rec-1137-dup-1
rec-512-org,rec-512-dup-0
rec-7178-org,rec-7178-dup-1
rec-7178-dup-0,rec-7178-dup-1
rec-9426-org,rec-9426-dup-0
rec-9654-org,rec-9654-dup-2
rec-9654-dup-0,rec-9654-dup-2
rec-9654-dup-1,rec-9654-dup-2
rec-4027-org,rec-4027-dup-0
rec-9310-org,rec-9310-dup-2
rec-9310-dup-0,rec-9310-dup-2
rec-9310-dup-1,rec-9310-dup-2
rec-5614-org,rec-5614-dup-1
rec-5614-dup-0,rec-5614-dup-1
rec-8814-org,rec-8814-dup-0
rec-571-org,rec-571-dup-1
rec-571-dup-0,rec-571-dup-1
rec-4080-org,rec-4080-dup-2
rec-4080-dup-0,rec-4080-dup-2
rec-4080-dup-1,rec-4080-dup-2
rec-7594-org,rec-7594-dup-1
rec-7594-dup-0,rec-7594-dup-1
rec-8879-org,rec-8879-dup-0
rec-864-org,rec-864-dup-0
rec-1655-org,rec-1655-dup-2
rec-1655-dup-0,rec-1655-dup-2
rec-1655-dup-1,rec-1655-dup-2
rec-9441-org,rec-9441-dup-0
rec-4401-org,rec-4401-dup-0
rec-7360-org,rec-7360-dup-2
rec-7360-dup-0,rec-7360-dup-2
rec-7360-dup-1,rec-7360-dup-2
rec-480-org,rec-480-dup-0
rec-2215-org,rec-2215-dup-0
rec-7607-org,rec-7607-dup-1
rec-7607-dup-0,rec-7607-dup-1
rec-8481-org,rec-8481-dup-1
rec-8481-dup-0,rec-8481-dup-1
rec-9209-org,rec-9209-dup-0
rec-1737-org,rec-1737-dup-0
rec-354-org,rec-354-dup-2
rec-354-dup-0,rec-354-dup-2
rec-354-dup-1,rec-354-dup-2
rec-1428-org,rec-1428-dup-0
rec-5397-org,rec-5397-dup-1
rec-5397-dup-0,rec-5397-dup-1
rec-8832-org,rec-8832-dup-0
rec-4418-org,rec-4418-dup-2
rec-4418-dup-0,rec-4418-dup-2
rec-4418-dup-1,rec-4418-dup-2
rec-590-org,rec-590-dup-0
rec-2881-org,rec-2881-dup-1
rec-2881-dup-0,rec-2881-dup-1
rec-7507-org,rec-7507-dup-0
rec-3189-org,rec-3189-dup-0
rec-2237-org,rec-2237-dup-0
rec-2059-org,rec-2059-dup-0
rec-8722-org,rec-8722-dup-0
rec-1444-org,rec-1444-dup-0
rec-3740-org,rec-3740-dup-1
rec-3740-dup-0,rec-3740-dup-1
rec-7588-org,rec-7588-dup-3
rec-7588-dup-0,rec-7588-dup-3
rec-7588-dup-1,rec-7588-dup-3
rec-7588-dup-2,rec-7588-dup-3
rec-4492-org,rec-4492-dup-1
rec-4492-dup-0,rec-4492-dup-1
rec-4840-org,rec-4840-dup-0
rec-6630-org,rec-6630-dup-0
rec-2713-org,rec-2713-dup-1
rec-2713-dup-0,rec-2713-dup-1
rec-878-org,rec-878-dup-2
rec-878-dup-0,rec-878-dup-2
rec-878-dup-1,rec-878-dup-2
rec-4553-org,rec-4553-dup-1
rec-4553-dup-0,rec-4553-dup-1
rec-1296-org,rec-1296-dup-1
rec-1296-dup-0,rec-1296-dup-1
rec-7166-org,rec-7166-dup-0
rec-5516-org,rec-5516-dup-0
rec-3468-org,rec-3468-dup-0
rec-8610-org,rec-8610-dup-0
rec-7539-org,rec-7539-dup-1
rec-7539-dup-0,rec-7539-dup-1
rec-3835-org,rec-3835-dup-0
rec-9296-org,rec-9296-dup-0
rec-7050-org,rec-7050-dup-0
rec-865-org,rec-865-dup-0
rec-3340-org,rec-3340-dup-1
rec-3340-dup-0,rec-3340-dup-1
rec-1790-org,rec-1790-dup-0
rec-2178-org,rec-2178-dup-0
rec-5971-org,rec-5971-dup-0
rec-2014-org,rec-2014-dup-0
rec-7467-org,rec-7467-dup-0
rec-2537-org,rec-2537-dup-0
rec-7971-org,rec-7971-dup-0
rec-5916-org,rec-5916-dup-1
rec-5916-dup-0,rec-5916-dup-1
rec-5246-org,rec-5246-dup-1
rec-5246-dup-0,rec-5246-dup-1
rec-2860-org,rec-2860-dup-0
rec-5732-org,rec-5732-dup-0
rec-8975-org,rec-8975-dup-0
rec-5522-org,rec-5522-dup-0
rec-6801-org,rec-6801-dup-1
rec-6801-dup-0,rec-6801-dup-1
rec-6439-org,rec-6439-dup-0
rec-540-org,rec-540-dup-1
rec-540-dup-0,rec-540-dup-1
rec-4360-org,rec-4360-dup-1
rec-4360-dup-0,rec-4360-dup-1
rec-5690-org,rec-5690-dup-0
rec-5116-org,rec-5116-dup-2
rec-5116-dup-0,rec-5116-dup-2
rec-5116-dup-1,rec-5116-dup-2
rec-1394-org,rec-1394-dup-0
rec-3434-org,rec-3434-dup-1
rec-3434-dup-0,rec-3434-dup-1
rec-2054-org,rec-2054-dup-2
rec-2054-dup-0,rec-2054-dup-2
rec-2054-dup-1,rec-2054-dup-2
rec-3718-org,rec-3718-dup-1
rec-3718-dup-0,rec-3718-dup-1
rec-1914-org,rec-1914-dup-1
rec-1914-dup-0,rec-1914-dup-1
rec-2249-org,rec-2249-dup-1
rec-2249-dup-0,rec-2249-dup-1
rec-9716-org,rec-9716-dup-1
rec-9716-dup-0,rec-9716-dup-1
rec-9723-org,rec-9723-dup-0
rec-5666-org,rec-5666-dup-0
rec-6307-org,rec-6307-dup-0
rec-2537-org,rec-2537-dup-1
rec-2537-dup-0,rec-2537-dup-1
rec-9247-org,rec-9247-dup-0
rec-2249-org,rec-2249-dup-0
rec-1371-org,rec-1371-dup-0
rec-7594-org,rec-7594-dup-0
rec-140-org,rec-140-dup-0
rec-6694-org,rec-6694-dup-0
rec-7280-org,rec-7280-dup-1
rec-7280-dup-0,rec-7280-dup-1
rec-9723-org,rec-9723-dup-2
rec-9723-dup-0,rec-9723-dup-2
rec-9723-dup-1,rec-9723-dup-2
rec-5116-org,rec-5116-dup-3
rec-5116-dup-0,rec-5116-dup-3
rec-5116-dup-1,rec-5116-dup-3
rec-5116-dup-2,rec-5116-dup-3
rec-2798-org,rec-2798-dup-0
rec-8660-org,rec-8660-dup-0
rec-4192-org,rec-4192-dup-0
rec-2738-org,rec-2738-dup-3
rec-2738-dup-0,rec-2738-dup-3
rec-2738-dup-1,rec-2738-dup-3
rec-2738-dup-2,rec-2738-dup-3
rec-7178-org,rec-7178-dup-0
rec-2303-org,rec-2303-dup-2
rec-2303-dup-0,rec-2303-dup-2
rec-2303-dup-1,rec-2303-dup-2
rec-4495-org,rec-4495-dup-1
rec-4495-dup-0,rec-4495-dup-1
rec-512-org,rec-512-dup-2
rec-512-dup-0,rec-512-dup-2
rec-512-dup-1,rec-512-dup-2
rec-9865-org,rec-9865-dup-0
rec-4495-org,rec-4495-dup-0
rec-1216-org,rec-1216-dup-0
rec-9246-org,rec-9246-dup-1
rec-9246-dup-0,rec-9246-dup-1
rec-19-org,rec-19-dup-0
rec-8780-org,rec-8780-dup-0
rec-3917-org,rec-3917-dup-1
rec-3917-dup-0,rec-3917-dup-1
rec-7519-org,rec-7519-dup-0
rec-1619-org,rec-1619-dup-1
rec-1619-dup-0,rec-1619-dup-1
rec-2891-org,rec-2891-dup-0
rec-9691-org,rec-9691-dup-1
rec-9691-dup-0,rec-9691-dup-1
rec-2303-org,rec-2303-dup-0
rec-7803-org,rec-7803-dup-3
rec-7803-dup-0,rec-7803-dup-3
rec-7803-dup-1,rec-7803-dup-3
rec-7803-dup-2,rec-7803-dup-3
rec-4724-org,rec-4724-dup-2
rec-4724-dup-0,rec-4724-dup-2
rec-4724-dup-1,rec-4724-dup-2
rec-6875-org,rec-6875-dup-0
rec-1224-org,rec-1224-dup-0
rec-8313-org,rec-8313-dup-0
rec-2433-org,rec-2433-dup-2
rec-2433-dup-0,rec-2433-dup-2
rec-2433-dup-1,rec-2433-dup-2
rec-210-org,rec-210-dup-0
rec-4833-org,rec-4833-dup-0
rec-6812-org,rec-6812-dup-1
rec-6812-dup-0,rec-6812-dup-1
rec-4893-org,rec-4893-dup-1
rec-4893-dup-0,rec-4893-dup-1
rec-1759-org,rec-1759-dup-1
rec-1759-dup-0,rec-1759-dup-1
rec-9197-org,rec-9197-dup-0
rec-205-org,rec-205-dup-0
rec-44-org,rec-44-dup-0
rec-1759-org,rec-1759-dup-0
rec-1216-org,rec-1216-dup-1
rec-1216-dup-0,rec-1216-dup-1
rec-2173-org,rec-2173-dup-0
rec-8150-org,rec-8150-dup-2
rec-8150-dup-0,rec-8150-dup-2
rec-8150-dup-1,rec-8150-dup-2
rec-1610-org,rec-1610-dup-0
rec-8319-org,rec-8319-dup-1
rec-8319-dup-0,rec-8319-dup-1
rec-4808-org,rec-4808-dup-0
rec-20-org,rec-20-dup-3
rec-20-dup-0,rec-20-dup-3
rec-20-dup-1,rec-20-dup-3
rec-20-dup-2,rec-20-dup-3
rec-1633-org,rec-1633-dup-0
rec-1536-org,rec-1536-dup-0
rec-8334-org,rec-8334-dup-0
rec-1400-org,rec-1400-dup-0
rec-143-org,rec-143-dup-1
rec-143-dup-0,rec-143-dup-1
rec-739-org,rec-739-dup-0
rec-1093-org,rec-1093-dup-2
rec-1093-dup-0,rec-1093-dup-2
rec-1093-dup-1,rec-1093-dup-2
rec-8116-org,rec-8116-dup-0
rec-4452-org,rec-4452-dup-0
rec-6203-org,rec-6203-dup-0
rec-1619-org,rec-1619-dup-0
rec-2080-org,rec-2080-dup-0
rec-9241-org,rec-9241-dup-1
rec-9241-dup-0,rec-9241-dup-1
rec-354-org,rec-354-dup-1
rec-354-dup-0,rec-354-dup-1
rec-8807-org,rec-8807-dup-0
rec-1613-org,rec-1613-dup-0
rec-2623-org,rec-2623-dup-0
rec-3711-org,rec-3711-dup-1
rec-3711-dup-0,rec-3711-dup-1
rec-7689-org,rec-7689-dup-0
rec-1137-org,rec-1137-dup-2
rec-1137-dup-0,rec-1137-dup-2
rec-1137-dup-1,rec-1137-dup-2
rec-5649-org,rec-5649-dup-3
rec-5649-dup-0,rec-5649-dup-3
rec-5649-dup-1,rec-5649-dup-3
rec-5649-dup-2,rec-5649-dup-3
rec-3740-org,rec-3740-dup-3
rec-3740-dup-0,rec-3740-dup-3
rec-3740-dup-1,rec-3740-dup-3
rec-3740-dup-2,rec-3740-dup-3
rec-1500-org,rec-1500-dup-0
rec-1536-org,rec-1536-dup-1
rec-1536-dup-0,rec-1536-dup-1
rec-7507-org,rec-7507-dup-1
rec-7507-dup-0,rec-7507-dup-1
rec-193-org,rec-193-dup-1
rec-193-dup-0,rec-193-dup-1
rec-4418-org,rec-4418-dup-1
rec-4418-dup-0,rec-4418-dup-1
rec-7502-org,rec-7502-dup-0
rec-7759-org,rec-7759-dup-0
rec-8610-org,rec-8610-dup-1
rec-8610-dup-0,rec-8610-dup-1
rec-9683-org,rec-9683-dup-0
rec-6982-org,rec-6982-dup-0
rec-2660-org,rec-2660-dup-1
rec-2660-dup-0,rec-2660-dup-1
rec-9841-org,rec-9841-dup-0
rec-2805-org,rec-2805-dup-0
rec-1543-org,rec-1543-dup-0
rec-4902-org,rec-4902-dup-0
rec-3844-org,rec-3844-dup-1
rec-3844-dup-0,rec-3844-dup-1
rec-1112-org,rec-1112-dup-0
rec-2393-org,rec-2393-dup-0
rec-7698-org,rec-7698-dup-0
rec-867-org,rec-867-dup-0
rec-6193-org,rec-6193-dup-0
rec-7111-org,rec-7111-dup-0
rec-8059-org,rec-8059-dup-1
rec-8059-dup-0,rec-8059-dup-1
rec-8626-org,rec-8626-dup-1
rec-8626-dup-0,rec-8626-dup-1
rec-8275-org,rec-8275-dup-0
rec-2882-org,rec-2882-dup-0
rec-3267-org,rec-3267-dup-0
rec-2826-org,rec-2826-dup-0
rec-9246-org,rec-9246-dup-0
rec-540-org,rec-540-dup-2
rec-540-dup-0,rec-540-dup-2
rec-540-dup-1,rec-540-dup-2
rec-1105-org,rec-1105-dup-0
rec-3697-org,rec-3697-dup-0
rec-7211-org,rec-7211-dup-0
rec-1889-org,rec-1889-dup-0
rec-3123-org,rec-3123-dup-1
rec-3123-dup-0,rec-3123-dup-1
rec-5649-org,rec-5649-dup-0
rec-5707-org,rec-5707-dup-0
rec-9336-org,rec-9336-dup-1
rec-9336-dup-0,rec-9336-dup-1
rec-1305-org,rec-1305-dup-0
rec-3575-org,rec-3575-dup-2
rec-3575-dup-0,rec-3575-dup-2
rec-3575-dup-1,rec-3575-dup-2
rec-7360-org,rec-7360-dup-0
rec-2293-org,rec-2293-dup-1
rec-2293-dup-0,rec-2293-dup-1
rec-7607-org,rec-7607-dup-2
rec-7607-dup-0,rec-7607-dup-2
rec-7607-dup-1,rec-7607-dup-2
rec-2363-org,rec-2363-dup-1
rec-2363-dup-0,rec-2363-dup-1
rec-3813-org,rec-3813-dup-1
rec-3813-dup-0,rec-3813-dup-1
rec-4353-org,rec-4353-dup-0
rec-6307-org,rec-6307-dup-1
rec-6307-dup-0,rec-6307-dup-1
rec-5770-org,rec-5770-dup-0
rec-4592-org,rec-4592-dup-1
rec-4592-dup-0,rec-4592-dup-1
rec-4592-org,rec-4592-dup-0
rec-5739-org,rec-5739-dup-0
rec-3711-org,rec-3711-dup-2
rec-3711-dup-0,rec-3711-dup-2
rec-3711-dup-1,rec-3711-dup-2
rec-4965-org,rec-4965-dup-3
rec-4965-dup-0,rec-4965-dup-3
rec-4965-dup-1,rec-4965-dup-3
rec-4965-dup-2,rec-4965-dup-3
rec-4948-org,rec-4948-dup-0
rec-3468-org,rec-3468-dup-1
rec-3468-dup-0,rec-3468-dup-1
rec-8656-org,rec-8656-dup-0
rec-7290-org,rec-7290-dup-2
rec-7290-dup-0,rec-7290-dup-2
rec-7290-dup-1,rec-7290-dup-2
rec-3641-org,rec-3641-dup-0
rec-3252-org,rec-3252-dup-2
rec-3252-dup-0,rec-3252-dup-2
rec-3252-dup-1,rec-3252-dup-2
rec-1305-org,rec-1305-dup-1
rec-1305-dup-0,rec-1305-dup-1
rec-4225-org,rec-4225-dup-1
rec-4225-dup-0,rec-4225-dup-1
rec-4507-org,rec-4507-dup-0
rec-3575-org,rec-3575-dup-3
rec-3575-dup-0,rec-3575-dup-3
rec-3575-dup-1,rec-3575-dup-3
rec-3575-dup-2,rec-3575-dup-3
rec-4506-org,rec-4506-dup-1
rec-4506-dup-0,rec-4506-dup-1
rec-864-org,rec-864-dup-1
rec-864-dup-0,rec-864-dup-1
rec-9071-org,rec-9071-dup-0
rec-1093-org,rec-1093-dup-1
rec-1093-dup-0,rec-1093-dup-1
rec-5817-org,rec-5817-dup-0
rec-2433-org,rec-2433-dup-1
rec-2433-dup-0,rec-2433-dup-1
rec-870-org,rec-870-dup-1
rec-870-dup-0,rec-870-dup-1
rec-7211-org,rec-7211-dup-1
rec-7211-dup-0,rec-7211-dup-1
rec-79-org,rec-79-dup-2
rec-79-dup-0,rec-79-dup-2
rec-79-dup-1,rec-79-dup-2
rec-20-org,rec-20-dup-2
rec-20-dup-0,rec-20-dup-2
rec-20-dup-1,rec-20-dup-2
rec-7346-org,rec-7346-dup-0
rec-7743-org,rec-7743-dup-0
rec-7803-org,rec-7803-dup-2
rec-7803-dup-0,rec-7803-dup-2
rec-7803-dup-1,rec-7803-dup-2
rec-6039-org,rec-6039-dup-1
rec-6039-dup-0,rec-6039-dup-1
rec-2178-org,rec-2178-dup-1
rec-2178-dup-0,rec-2178-dup-1
rec-7729-org,rec-7729-dup-0
rec-7803-org,rec-7803-dup-0
rec-3211-org,rec-3211-dup-0
rec-2721-org,rec-2721-dup-1
rec-2721-dup-0,rec-2721-dup-1
rec-9201-org,rec-9201-dup-1
rec-9201-dup-0,rec-9201-dup-1
rec-8150-org,rec-8150-dup-0
rec-1713-org,rec-1713-dup-1
rec-1713-dup-0,rec-1713-dup-1
rec-2344-org,rec-2344-dup-1
rec-2344-dup-0,rec-2344-dup-1
rec-9578-org,rec-9578-dup-0
rec-5055-org,rec-5055-dup-1
rec-5055-dup-0,rec-5055-dup-1
rec-870-org,rec-870-dup-2
rec-870-dup-0,rec-870-dup-2
rec-870-dup-1,rec-870-dup-2
rec-3740-org,rec-3740-dup-0
rec-8054-org,rec-8054-dup-1
rec-8054-dup-0,rec-8054-dup-1
rec-3179-org,rec-3179-dup-0
rec-6102-org,rec-6102-dup-2
rec-6102-dup-0,rec-6102-dup-2
rec-6102-dup-1,rec-6102-dup-2
rec-5614-org,rec-5614-dup-2
rec-5614-dup-0,rec-5614-dup-2
rec-5614-dup-1,rec-5614-dup-2
rec-2999-org,rec-2999-dup-0
rec-7698-org,rec-7698-dup-1
rec-7698-dup-0,rec-7698-dup-1
rec-79-org,rec-79-dup-1
rec-79-dup-0,rec-79-dup-1
rec-1713-org,rec-1713-dup-2
rec-1713-dup-0,rec-1713-dup-2
rec-1713-dup-1,rec-1713-dup-2
rec-6718-org,rec-6718-dup-0
rec-7161-org,rec-7161-dup-2
rec-7161-dup-0,rec-7161-dup-2
rec-7161-dup-1,rec-7161-dup-2
rec-9536-org,rec-9536-dup-0
rec-1378-org,rec-1378-dup-3
rec-1378-dup-0,rec-1378-dup-3
rec-1378-dup-1,rec-1378-dup-3
rec-1378-dup-2,rec-1378-dup-3
rec-252-org,rec-252-dup-0
rec-9-org,rec-9-dup-0
rec-6401-org,rec-6401-dup-0
rec-2735-org,rec-2735-dup-1
rec-2735-dup-0,rec-2735-dup-1
rec-4086-org,rec-4086-dup-0
rec-9683-org,rec-9683-dup-1
rec-9683-dup-0,rec-9683-dup-1
rec-2882-org,rec-2882-dup-2
rec-2882-dup-0,rec-2882-dup-2
rec-2882-dup-1,rec-2882-dup-2
rec-4194-org,rec-4194-dup-0
rec-2807-org,rec-2807-dup-1
rec-2807-dup-0,rec-2807-dup-1
rec-3179-org,rec-3179-dup-1
rec-3179-dup-0,rec-3179-dup-1
rec-5787-org,rec-5787-dup-2
rec-5787-dup-0,rec-5787-dup-2
rec-5787-dup-1,rec-5787-dup-2
rec-3399-org,rec-3399-dup-0
rec-480-org,rec-480-dup-1
rec-480-dup-0,rec-480-dup-1
rec-8055-org,rec-8055-dup-1
rec-8055-dup-0,rec-8055-dup-1
rec-7143-org,rec-7143-dup-1
rec-7143-dup-0,rec-7143-dup-1
rec-5453-org,rec-5453-dup-0
rec-101-org,rec-101-dup-1
rec-101-dup-0,rec-101-dup-1
rec-1668-org,rec-1668-dup-0
rec-990-org,rec-990-dup-0
rec-4208-org,rec-4208-dup-1
rec-4208-dup-0,rec-4208-dup-1
rec-9247-org,rec-9247-dup-1
rec-9247-dup-0,rec-9247-dup-1
rec-512-org,rec-512-dup-1
rec-512-dup-0,rec-512-dup-1
rec-5416-org,rec-5416-dup-2
rec-5416-dup-0,rec-5416-dup-2
rec-5416-dup-1,rec-5416-dup-2
rec-6584-org,rec-6584-dup-0
rec-8259-org,rec-8259-dup-0
rec-5770-org,rec-5770-dup-1
rec-5770-dup-0,rec-5770-dup-1
rec-8055-org,rec-8055-dup-2
rec-8055-dup-0,rec-8055-dup-2
rec-8055-dup-1,rec-8055-dup-2
rec-6736-org,rec-6736-dup-0
rec-3854-org,rec-3854-dup-0
rec-5940-org,rec-5940-dup-0
rec-1723-org,rec-1723-dup-1
rec-1723-dup-0,rec-1723-dup-1
rec-577-org,rec-577-dup-0
rec-1723-org,rec-1723-dup-0
rec-2620-org,rec-2620-dup-0
rec-9357-org,rec-9357-dup-0
rec-3603-org,rec-3603-dup-1
rec-3603-dup-0,rec-3603-dup-1
rec-2843-org,rec-2843-dup-1
rec-2843-dup-0,rec-2843-dup-1
rec-6399-org,rec-6399-dup-1
rec-6399-dup-0,rec-6399-dup-1
rec-1504-org,rec-1504-dup-0
rec-3625-org,rec-3625-dup-1
rec-3625-dup-0,rec-3625-dup-1
rec-5263-org,rec-5263-dup-2
rec-5263-dup-0,rec-5263-dup-2
rec-5263-dup-1,rec-5263-dup-2
rec-9723-org,rec-9723-dup-1
rec-9723-dup-0,rec-9723-dup-1
rec-8807-org,rec-8807-dup-1
rec-8807-dup-0,rec-8807-dup-1
rec-7074-org,rec-7074-dup-0
rec-8579-org,rec-8579-dup-2
rec-8579-dup-0,rec-8579-dup-2
rec-8579-dup-1,rec-8579-dup-2
rec-3541-org,rec-3541-dup-0
rec-2541-org,rec-2541-dup-0
rec-2811-org,rec-2811-dup-1
rec-2811-dup-0,rec-2811-dup-1
rec-6249-org,rec-6249-dup-0
rec-8041-org,rec-8041-dup-0
rec-7971-org,rec-7971-dup-1
rec-7971-dup-0,rec-7971-dup-1
rec-9716-org,rec-9716-dup-0
rec-6901-org,rec-6901-dup-2
rec-6901-dup-0,rec-6901-dup-2
rec-6901-dup-1,rec-6901-dup-2
rec-878-org,rec-878-dup-3
rec-878-dup-0,rec-878-dup-3
rec-878-dup-1,rec-878-dup-3
rec-878-dup-2,rec-878-dup-3
rec-7912-org,rec-7912-dup-0
rec-7085-org,rec-7085-dup-0
rec-2396-org,rec-2396-dup-0
rec-9492-org,rec-9492-dup-0
rec-1619-org,rec-1619-dup-2
rec-1619-dup-0,rec-1619-dup-2
rec-1619-dup-1,rec-1619-dup-2
rec-9310-org,rec-9310-dup-1
rec-9310-dup-0,rec-9310-dup-1
rec-9448-org,rec-9448-dup-0
rec-8054-org,rec-8054-dup-0
rec-9426-org,rec-9426-dup-3
rec-9426-dup-0,rec-9426-dup-3
rec-9426-dup-1,rec-9426-dup-3
rec-9426-dup-2,rec-9426-dup-3
rec-6166-org,rec-6166-dup-1
rec-6166-dup-0,rec-6166-dup-1
rec-3792-org,rec-3792-dup-0
rec-5028-org,rec-5028-dup-1
rec-5028-dup-0,rec-5028-dup-1
rec-571-org,rec-571-dup-0
rec-3774-org,rec-3774-dup-0
rec-6908-org,rec-6908-dup-1
rec-6908-dup-0,rec-6908-dup-1
rec-2762-org,rec-2762-dup-0
rec-1378-org,rec-1378-dup-1
rec-1378-dup-0,rec-1378-dup-1
rec-8722-org,rec-8722-dup-1
rec-8722-dup-0,rec-8722-dup-1
rec-4418-org,rec-4418-dup-0
rec-2811-org,rec-2811-dup-0
rec-7964-org,rec-7964-dup-0
rec-9201-org,rec-9201-dup-0
rec-739-org,rec-739-dup-1
rec-739-dup-0,rec-739-dup-1
rec-9426-org,rec-9426-dup-1
rec-9426-dup-0,rec-9426-dup-1
rec-8480-org,rec-8480-dup-1
rec-8480-dup-0,rec-8480-dup-1
rec-4553-org,rec-4553-dup-2
rec-4553-dup-0,rec-4553-dup-2
rec-4553-dup-1,rec-4553-dup-2
rec-2165-org,rec-2165-dup-1
rec-2165-dup-0,rec-2165-dup-1
rec-2007-org,rec-2007-dup-1
rec-2007-dup-0,rec-2007-dup-1
rec-5273-org,rec-5273-dup-0
rec-5397-org,rec-5397-dup-0
rec-1571-org,rec-1571-dup-0
rec-1962-org,rec-1962-dup-2
rec-1962-dup-0,rec-1962-dup-2
rec-1962-dup-1,rec-1962-dup-2
rec-1097-org,rec-1097-dup-2
rec-1097-dup-0,rec-1097-dup-2
rec-1097-dup-1,rec-1097-dup-2
rec-9536-org,rec-9536-dup-1
rec-9536-dup-0,rec-9536-dup-1
rec-55-org,rec-55-dup-0
rec-9241-org,rec-9241-dup-0
rec-143-org,rec-143-dup-0
rec-7662-org,rec-7662-dup-0
rec-7360-org,rec-7360-dup-1
rec-7360-dup-0,rec-7360-dup-1
rec-2713-org,rec-2713-dup-2
rec-2713-dup-0,rec-2713-dup-2
rec-2713-dup-1,rec-2713-dup-2
rec-2007-org,rec-2007-dup-0
rec-290-org,rec-290-dup-1
rec-290-dup-0,rec-290-dup-1
rec-410-org,rec-410-dup-1
rec-410-dup-0,rec-410-dup-1
rec-20-org,rec-20-dup-1
rec-20-dup-0,rec-20-dup-1
rec-3340-org,rec-3340-dup-2
rec-3340-dup-0,rec-3340-dup-2
rec-3340-dup-1,rec-3340-dup-2
rec-354-org,rec-354-dup-0
rec-5740-org,rec-5740-dup-0
rec-5232-org,rec-5232-dup-0
rec-2014-org,rec-2014-dup-2
rec-2014-dup-0,rec-2014-dup-2
rec-2014-dup-1,rec-2014-dup-2
rec-5263-org,rec-5263-dup-1
rec-5263-dup-0,rec-5263-dup-1
rec-1948-org,rec-1948-dup-2
rec-1948-dup-0,rec-1948-dup-2
rec-1948-dup-1,rec-1948-dup-2
rec-5982-org,rec-5982-dup-2
rec-5982-dup-0,rec-5982-dup-2
rec-5982-dup-1,rec-5982-dup-2
rec-2660-org,rec-2660-dup-0
rec-5740-org,rec-5740-dup-1
rec-5740-dup-0,rec-5740-dup-1
rec-8055-org,rec-8055-dup-0
rec-7921-org,rec-7921-dup-0
rec-157-org,rec-157-dup-1
rec-157-dup-0,rec-157-dup-1
rec-7467-org,rec-7467-dup-2
rec-7467-dup-0,rec-7467-dup-2
rec-7467-dup-1,rec-7467-dup-2
rec-4737-org,rec-4737-dup-3
rec-4737-dup-0,rec-4737-dup-3
rec-4737-dup-1,rec-4737-dup-3
rec-4737-dup-2,rec-4737-dup-3
rec-4808-org,rec-4808-dup-1
rec-4808-dup-0,rec-4808-dup-1
rec-7745-org,rec-7745-dup-0
rec-2326-org,rec-2326-dup-0
rec-3788-org,rec-3788-dup-2
rec-3788-dup-0,rec-3788-dup-2
rec-3788-dup-1,rec-3788-dup-2
rec-9-org,rec-9-dup-3
rec-9-dup-0,rec-9-dup-3
rec-9-dup-1,rec-9-dup-3
rec-9-dup-2,rec-9-dup-3
rec-1488-org,rec-1488-dup-1
rec-1488-dup-0,rec-1488-dup-1
rec-1330-org,rec-1330-dup-1
rec-1330-dup-0,rec-1330-dup-1
rec-4419-org,rec-4419-dup-0
rec-2798-org,rec-2798-dup-1
rec-2798-dup-0,rec-2798-dup-1
rec-3567-org,rec-3567-dup-1
rec-3567-dup-0,rec-3567-dup-1
rec-184-org,rec-184-dup-0
rec-8041-org,rec-8041-dup-1
rec-8041-dup-0,rec-8041-dup-1
rec-2054-org,rec-2054-dup-1
rec-2054-dup-0,rec-2054-dup-1
rec-2738-org,rec-2738-dup-2
rec-2738-dup-0,rec-2738-dup-2
rec-2738-dup-1,rec-2738-dup-2
rec-4702-org,rec-4702-dup-2
rec-4702-dup-0,rec-4702-dup-2
rec-4702-dup-1,rec-4702-dup-2
rec-6918-org,rec-6918-dup-0
rec-3625-org,rec-3625-dup-0
rec-9031-org,rec-9031-dup-0
rec-431-org,rec-431-dup-0
rec-6680-org,rec-6680-dup-0
rec-6288-org,rec-6288-dup-0
rec-1521-org,rec-1521-dup-0
rec-467-org,rec-467-dup-0
rec-1047-org,rec-1047-dup-0
rec-4893-org,rec-4893-dup-3
rec-4893-dup-0,rec-4893-dup-3
rec-4893-dup-1,rec-4893-dup-3
rec-4893-dup-2,rec-4893-dup-3
rec-5116-org,rec-5116-dup-1
rec-5116-dup-0,rec-5116-dup-1
rec-4492-org,rec-4492-dup-0
rec-5916-org,rec-5916-dup-2
rec-5916-dup-0,rec-5916-dup-2
rec-5916-dup-1,rec-5916-dup-2
rec-8814-org,rec-8814-dup-1
rec-8814-dup-0,rec-8814-dup-1
rec-9219-org,rec-9219-dup-0
rec-4015-org,rec-4015-dup-1
rec-4015-dup-0,rec-4015-dup-1
rec-7561-org,rec-7561-dup-1
rec-7561-dup-0,rec-7561-dup-1
rec-3567-org,rec-3567-dup-2
rec-3567-dup-0,rec-3567-dup-2
rec-3567-dup-1,rec-3567-dup-2
rec-5982-org,rec-5982-dup-0
rec-4906-org,rec-4906-dup-0
rec-2080-org,rec-2080-dup-1
rec-2080-dup-0,rec-2080-dup-1
rec-8923-org,rec-8923-dup-2
rec-8923-dup-0,rec-8923-dup-2
rec-8923-dup-1,rec-8923-dup-2
rec-3854-org,rec-3854-dup-1
rec-3854-dup-0,rec-3854-dup-1
rec-1438-org,rec-1438-dup-1
rec-1438-dup-0,rec-1438-dup-1
rec-2014-org,rec-2014-dup-1
rec-2014-dup-0,rec-2014-dup-1
rec-1185-org,rec-1185-dup-2
rec-1185-dup-0,rec-1185-dup-2
rec-1185-dup-1,rec-1185-dup-2
rec-1185-org,rec-1185-dup-1
rec-1185-dup-0,rec-1185-dup-1
rec-3932-org,rec-3932-dup-0
rec-2499-org,rec-2499-dup-1
rec-2499-dup-0,rec-2499-dup-1
rec-1296-org,rec-1296-dup-0
rec-9625-org,rec-9625-dup-1
rec-9625-dup-0,rec-9625-dup-1
rec-3603-org,rec-3603-dup-0
rec-4230-org,rec-4230-dup-0
rec-6713-org,rec-6713-dup-1
rec-6713-dup-0,rec-6713-dup-1
rec-2598-org,rec-2598-dup-0
rec-4702-org,rec-4702-dup-0
rec-2891-org,rec-2891-dup-1
rec-2891-dup-0,rec-2891-dup-1
rec-8579-org,rec-8579-dup-0
rec-2999-org,rec-2999-dup-1
rec-2999-dup-0,rec-2999-dup-1
rec-7182-org,rec-7182-dup-0
rec-2623-org,rec-2623-dup-1
rec-2623-dup-0,rec-2623-dup-1
rec-6462-org,rec-6462-dup-0
rec-6630-org,rec-6630-dup-1
rec-6630-dup-0,rec-6630-dup-1
rec-7403-org,rec-7403-dup-0
rec-8481-org,rec-8481-dup-0
rec-2499-org,rec-2499-dup-3
rec-2499-dup-0,rec-2499-dup-3
rec-2499-dup-1,rec-2499-dup-3
rec-2499-dup-2,rec-2499-dup-3
rec-8923-org,rec-8923-dup-0
rec-2735-org,rec-2735-dup-0
rec-9625-org,rec-9625-dup-0
rec-3870-org,rec-3870-dup-1
rec-3870-dup-0,rec-3870-dup-1
rec-1430-org,rec-1430-dup-1
rec-1430-dup-0,rec-1430-dup-1
rec-2326-org,rec-2326-dup-1
rec-2326-dup-0,rec-2326-dup-1
rec-9841-org,rec-9841-dup-1
rec-9841-dup-0,rec-9841-dup-1
rec-2499-org,rec-2499-dup-0
rec-9568-org,rec-9568-dup-0
rec-3434-org,rec-3434-dup-0
rec-6833-org,rec-6833-dup-1
rec-6833-dup-0,rec-6833-dup-1
rec-6875-org,rec-6875-dup-1
rec-6875-dup-0,rec-6875-dup-1
rec-3718-org,rec-3718-dup-0
rec-3925-org,rec-3925-dup-0
rec-5668-org,rec-5668-dup-1
rec-5668-dup-0,rec-5668-dup-1
rec-3035-org,rec-3035-dup-1
rec-3035-dup-0,rec-3035-dup-1
rec-8259-org,rec-8259-dup-1
rec-8259-dup-0,rec-8259-dup-1
rec-6659-org,rec-6659-dup-0
rec-615-org,rec-615-dup-1
rec-615-dup-0,rec-615-dup-1
rec-2111-org,rec-2111-dup-0
rec-3583-org,rec-3583-dup-1
rec-3583-dup-0,rec-3583-dup-1
rec-3359-org,rec-3359-dup-1
rec-3359-dup-0,rec-3359-dup-1
rec-5177-org,rec-5177-dup-0
rec-5614-org,rec-5614-dup-0
rec-9716-org,rec-9716-dup-2
rec-9716-dup-0,rec-9716-dup-2
rec-9716-dup-1,rec-9716-dup-2
rec-2814-org,rec-2814-dup-0
rec-1112-org,rec-1112-dup-1
rec-1112-dup-0,rec-1112-dup-1
rec-1320-org,rec-1320-dup-0
rec-2541-org,rec-2541-dup-2
rec-2541-dup-0,rec-2541-dup-2
rec-2541-dup-1,rec-2541-dup-2
rec-5131-org,rec-5131-dup-0
rec-3222-org,rec-3222-dup-1
rec-3222-dup-0,rec-3222-dup-1
rec-9055-org,rec-9055-dup-0
rec-6150-org,rec-6150-dup-0
rec-3407-org,rec-3407-dup-0
rec-5718-org,rec-5718-dup-0
rec-4565-org,rec-4565-dup-3
rec-4565-dup-0,rec-4565-dup-3
rec-4565-dup-1,rec-4565-dup-3
rec-4565-dup-2,rec-4565-dup-3
rec-5131-org,rec-5131-dup-1
rec-5131-dup-0,rec-5131-dup-1
rec-2996-org,rec-2996-dup-0
rec-3252-org,rec-3252-dup-0
rec-7422-org,rec-7422-dup-0
rec-6479-org,rec-6479-dup-0
rec-5416-org,rec-5416-dup-1
rec-5416-dup-0,rec-5416-dup-1
rec-931-org,rec-931-dup-0
rec-9310-org,rec-9310-dup-0
rec-1097-org,rec-1097-dup-0
rec-8048-org,rec-8048-dup-0
rec-7803-org,rec-7803-dup-1
rec-7803-dup-0,rec-7803-dup-1
rec-1719-org,rec-1719-dup-0
rec-6249-org,rec-6249-dup-1
rec-6249-dup-0,rec-6249-dup-1
rec-157-org,rec-157-dup-0
rec-3366-org,rec-3366-dup-1
rec-3366-dup-0,rec-3366-dup-1
rec-2814-org,rec-2814-dup-1
rec-2814-dup-0,rec-2814-dup-1
rec-9232-org,rec-9232-dup-1
rec-9232-dup-0,rec-9232-dup-1
rec-3567-org,rec-3567-dup-0
rec-2173-org,rec-2173-dup-1
rec-2173-dup-0,rec-2173-dup-1
rec-4565-org,rec-4565-dup-0
rec-5982-org,rec-5982-dup-3
rec-5982-dup-0,rec-5982-dup-3
rec-5982-dup-1,rec-5982-dup-3
rec-5982-dup-2,rec-5982-dup-3
rec-8660-org,rec-8660-dup-1
rec-8660-dup-0,rec-8660-dup-1
rec-6914-org,rec-6914-dup-0
rec-4851-org,rec-4851-dup-0
rec-7143-org,rec-7143-dup-0
rec-5668-org,rec-5668-dup-2
rec-5668-dup-0,rec-5668-dup-2
rec-5668-dup-1,rec-5668-dup-2
rec-5649-org,rec-5649-dup-1
rec-5649-dup-0,rec-5649-dup-1
rec-3127-org,rec-3127-dup-0
rec-6026-org,rec-6026-dup-0
rec-7807-org,rec-7807-dup-0
rec-2620-org,rec-2620-dup-1
rec-2620-dup-0,rec-2620-dup-1
rec-865-org,rec-865-dup-1
rec-865-dup-0,rec-865-dup-1
rec-4565-org,rec-4565-dup-1
rec-4565-dup-0,rec-4565-dup-1
rec-2293-org,rec-2293-dup-2
rec-2293-dup-0,rec-2293-dup-2
rec-2293-dup-1,rec-2293-dup-2
rec-2059-org,rec-2059-dup-1
rec-2059-dup-0,rec-2059-dup-1
rec-9691-org,rec-9691-dup-2
rec-9691-dup-0,rec-9691-dup-2
rec-9691-dup-1,rec-9691-dup-2
rec-4208-org,rec-4208-dup-0
rec-1137-org,rec-1137-dup-0
rec-6067-org,rec-6067-dup-1
rec-6067-dup-0,rec-6067-dup-1
rec-2881-org,rec-2881-dup-0
rec-1740-org,rec-1740-dup-0
rec-1093-org,rec-1093-dup-0
rec-252-org,rec-252-dup-1
rec-252-dup-0,rec-252-dup-1
rec-8334-org,rec-8334-dup-1
rec-8334-dup-0,rec-8334-dup-1
rec-4565-org,rec-4565-dup-2
rec-4565-dup-0,rec-4565-dup-2
rec-4565-dup-1,rec-4565-dup-2
rec-3567-org,rec-3567-dup-3
rec-3567-dup-0,rec-3567-dup-3
rec-3567-dup-1,rec-3567-dup-3
rec-3567-dup-2,rec-3567-dup-3
rec-1404-org,rec-1404-dup-0
rec-5443-org,rec-5443-dup-0
rec-9-org,rec-9-dup-2
rec-9-dup-0,rec-9-dup-2
rec-9-dup-1,rec-9-dup-2
rec-5435-org,rec-5435-dup-1
rec-5435-dup-0,rec-5435-dup-1
rec-3583-org,rec-3583-dup-2
rec-3583-dup-0,rec-3583-dup-2
rec-3583-dup-1,rec-3583-dup-2
rec-1151-org,rec-1151-dup-0
rec-8470-org,rec-8470-dup-0
rec-1948-org,rec-1948-dup-1
rec-1948-dup-0,rec-1948-dup-1
rec-6226-org,rec-6226-dup-1
rec-6226-dup-0,rec-6226-dup-1
rec-4230-org,rec-4230-dup-1
rec-4230-dup-0,rec-4230-dup-1
rec-1047-org,rec-1047-dup-1
rec-1047-dup-0,rec-1047-dup-1
rec-2165-org,rec-2165-dup-0
rec-4270-org,rec-4270-dup-0
rec-4723-org,rec-4723-dup-0
rec-4071-org,rec-4071-dup-2
rec-4071-dup-0,rec-4071-dup-2
rec-4071-dup-1,rec-4071-dup-2
rec-7698-org,rec-7698-dup-2
rec-7698-dup-0,rec-7698-dup-2
rec-7698-dup-1,rec-7698-dup-2
rec-2541-org,rec-2541-dup-3
rec-2541-dup-0,rec-2541-dup-3
rec-2541-dup-1,rec-2541-dup-3
rec-2541-dup-2,rec-2541-dup-3
rec-7561-org,rec-7561-dup-0
rec-4663-org,rec-4663-dup-1
rec-4663-dup-0,rec-4663-dup-1
rec-8352-org,rec-8352-dup-0
rec-9426-org,rec-9426-dup-2
rec-9426-dup-0,rec-9426-dup-2
rec-9426-dup-1,rec-9426-dup-2
rec-4071-org,rec-4071-dup-0
rec-1655-org,rec-1655-dup-1
rec-1655-dup-0,rec-1655-dup-1
rec-7422-org,rec-7422-dup-1
rec-7422-dup-0,rec-7422-dup-1
rec-6413-org,rec-6413-dup-0
rec-2719-org,rec-2719-dup-2
rec-2719-dup-0,rec-2719-dup-2
rec-2719-dup-1,rec-2719-dup-2
rec-1867-org,rec-1867-dup-0
rec-5436-org,rec-5436-dup-0
rec-2771-org,rec-2771-dup-0
rec-3015-org,rec-3015-dup-0
rec-6059-org,rec-6059-dup-1
rec-6059-dup-0,rec-6059-dup-1
rec-4734-org,rec-4734-dup-0
rec-8814-org,rec-8814-dup-2
rec-8814-dup-0,rec-8814-dup-2
rec-8814-dup-1,rec-8814-dup-2
rec-6439-org,rec-6439-dup-1
rec-6439-dup-0,rec-6439-dup-1
rec-7588-org,rec-7588-dup-0
rec-9654-org,rec-9654-dup-0
rec-7280-org,rec-7280-dup-0
rec-3575-org,rec-3575-dup-1
rec-3575-dup-0,rec-3575-dup-1
rec-5940-org,rec-5940-dup-1
rec-5940-dup-0,rec-5940-dup-1
rec-6574-org,rec-6574-dup-0
rec-4492-org,rec-4492-dup-2
rec-4492-dup-0,rec-4492-dup-2
rec-4492-dup-1,rec-4492-dup-2
rec-1444-org,rec-1444-dup-1
rec-1444-dup-0,rec-1444-dup-1
rec-225-org,rec-225-dup-0
rec-1892-org,rec-1892-dup-1
rec-1892-dup-0,rec-1892-dup-1
rec-439-org,rec-439-dup-3
rec-439-dup-0,rec-439-dup-3
rec-439-dup-1,rec-439-dup-3
rec-439-dup-2,rec-439-dup-3
rec-1185-org,rec-1185-dup-0
rec-396-org,rec-396-dup-0
rec-9296-org,rec-9296-dup-1
rec-9296-dup-0,rec-9296-dup-1
rec-647-org,rec-647-dup-1
rec-647-dup-0,rec-647-dup-1
rec-1719-org,rec-1719-dup-2
rec-1719-dup-0,rec-1719-dup-2
rec-1719-dup-1,rec-1719-dup-2
rec-439-org,rec-439-dup-2
rec-439-dup-0,rec-439-dup-2
rec-439-dup-1,rec-439-dup-2
rec-1543-org,rec-1543-dup-1
rec-1543-dup-0,rec-1543-dup-1
rec-4507-org,rec-4507-dup-1
rec-4507-dup-0,rec-4507-dup-1
rec-5416-org,rec-5416-dup-0
rec-7440-org,rec-7440-dup-2
rec-7440-dup-0,rec-7440-dup-2
rec-7440-dup-1,rec-7440-dup-2
rec-3844-org,rec-3844-dup-2
rec-3844-dup-0,rec-3844-dup-2
rec-3844-dup-1,rec-3844-dup-2
rec-5310-org,rec-5310-dup-0
rec-1054-org,rec-1054-dup-1
rec-1054-dup-0,rec-1054-dup-1
rec-1504-org,rec-1504-dup-1
rec-1504-dup-0,rec-1504-dup-1
rec-2996-org,rec-2996-dup-1
rec-2996-dup-0,rec-2996-dup-1
rec-3359-org,rec-3359-dup-0
rec-7507-org,rec-7507-dup-2
rec-7507-dup-0,rec-7507-dup-2
rec-7507-dup-1,rec-7507-dup-2
rec-865-org,rec-865-dup-2
rec-865-dup-0,rec-865-dup-2
rec-865-dup-1,rec-865-dup-2
rec-9610-org,rec-9610-dup-1
rec-9610-dup-0,rec-9610-dup-1
rec-4512-org,rec-4512-dup-0
rec-2798-org,rec-2798-dup-2
rec-2798-dup-0,rec-2798-dup-2
rec-2798-dup-1,rec-2798-dup-2
rec-4507-org,rec-4507-dup-2
rec-4507-dup-0,rec-4507-dup-2
rec-4507-dup-1,rec-4507-dup-2
rec-4506-org,rec-4506-dup-0
rec-705-org,rec-705-dup-0
rec-1488-org,rec-1488-dup-2
rec-1488-dup-0,rec-1488-dup-2
rec-1488-dup-1,rec-1488-dup-2
rec-5787-org,rec-5787-dup-1
rec-5787-dup-0,rec-5787-dup-1
rec-647-org,rec-647-dup-0
rec-4080-org,rec-4080-dup-3
rec-4080-dup-0,rec-4080-dup-3
rec-4080-dup-1,rec-4080-dup-3
rec-4080-dup-2,rec-4080-dup-3
rec-9492-org,rec-9492-dup-1
rec-9492-dup-0,rec-9492-dup-1
rec-439-org,rec-439-dup-1
rec-439-dup-0,rec-439-dup-1
rec-2946-org,rec-2946-dup-0
rec-1948-org,rec-1948-dup-0
rec-4390-org,rec-4390-dup-0
rec-1705-org,rec-1705-dup-0
rec-4737-org,rec-4737-dup-1
rec-4737-dup-0,rec-4737-dup-1
rec-6059-org,rec-6059-dup-0
rec-9492-org,rec-9492-dup-3
rec-9492-dup-0,rec-9492-dup-3
rec-9492-dup-1,rec-9492-dup-3
rec-9492-dup-2,rec-9492-dup-3
rec-2713-org,rec-2713-dup-0
rec-8059-org,rec-8059-dup-0
rec-6801-org,rec-6801-dup-0
rec-4606-org,rec-4606-dup-1
rec-4606-dup-0,rec-4606-dup-1
rec-6102-org,rec-6102-dup-1
rec-6102-dup-0,rec-6102-dup-1
rec-4080-org,rec-4080-dup-1
rec-4080-dup-0,rec-4080-dup-1
rec-4080-org,rec-4080-dup-0
rec-1219-org,rec-1219-dup-0
rec-3133-org,rec-3133-dup-0
rec-2745-org,rec-2745-dup-0
rec-9-org,rec-9-dup-1
rec-9-dup-0,rec-9-dup-1
rec-878-org,rec-878-dup-0
rec-3740-org,rec-3740-dup-2
rec-3740-dup-0,rec-3740-dup-2
rec-3740-dup-1,rec-3740-dup-2
rec-179-org,rec-179-dup-0
rec-6041-org,rec-6041-dup-0
rec-143-org,rec-143-dup-2
rec-143-dup-0,rec-143-dup-2
rec-143-dup-1,rec-143-dup-2
rec-5078-org,rec-5078-dup-0
rec-3774-org,rec-3774-dup-1
rec-3774-dup-0,rec-3774-dup-1
rec-6114-org,rec-6114-dup-0
rec-5690-org,rec-5690-dup-2
rec-5690-dup-0,rec-5690-dup-2
rec-5690-dup-1,rec-5690-dup-2
rec-3711-org,rec-3711-dup-0
rec-79-org,rec-79-dup-0
rec-929-org,rec-929-dup-0
rec-9996-org,rec-9996-dup-0
rec-2719-org,rec-2719-dup-0
rec-1054-org,rec-1054-dup-0
rec-6845-org,rec-6845-dup-0
rec-4862-org,rec-4862-dup-0
rec-7161-org,rec-7161-dup-1
rec-7161-dup-0,rec-7161-dup-1
rec-7502-org,rec-7502-dup-1
rec-7502-dup-0,rec-7502-dup-1
rec-6059-org,rec-6059-dup-2
rec-6059-dup-0,rec-6059-dup-2
rec-6059-dup-1,rec-6059-dup-2
rec-3189-org,rec-3189-dup-1
rec-3189-dup-0,rec-3189-dup-1
rec-8723-org,rec-8723-dup-0
rec-870-org,rec-870-dup-0
rec-3741-org,rec-3741-dup-0
rec-7231-org,rec-7231-dup-1
rec-7231-dup-0,rec-7231-dup-1
rec-535-org,rec-535-dup-1
rec-535-dup-0,rec-535-dup-1
rec-8879-org,rec-8879-dup-1
rec-8879-dup-0,rec-8879-dup-1
rec-4194-org,rec-4194-dup-1
rec-4194-dup-0,rec-4194-dup-1
rec-2882-org,rec-2882-dup-1
rec-2882-dup-0,rec-2882-dup-1
rec-6659-org,rec-6659-dup-1
rec-6659-dup-0,rec-6659-dup-1
rec-7588-org,rec-7588-dup-1
rec-7588-dup-0,rec-7588-dup-1
rec-5263-org,rec-5263-dup-0
rec-490-org,rec-490-dup-1
rec-490-dup-0,rec-490-dup-1
rec-1371-org,rec-1371-dup-1
rec-1371-dup-0,rec-1371-dup-1
rec-5521-org,rec-5521-dup-0
rec-8054-org,rec-8054-dup-2
rec-8054-dup-0,rec-8054-dup-2
rec-8054-dup-1,rec-8054-dup-2
rec-4893-org,rec-4893-dup-2
rec-4893-dup-0,rec-4893-dup-2
rec-4893-dup-1,rec-4893-dup-2
rec-1097-org,rec-1097-dup-1
rec-1097-dup-0,rec-1097-dup-1
rec-19-org,rec-19-dup-1
rec-19-dup-0,rec-19-dup-1
rec-1513-org,rec-1513-dup-1
rec-1513-dup-0,rec-1513-dup-1
rec-7794-org,rec-7794-dup-1
rec-7794-dup-0,rec-7794-dup-1
rec-1320-org,rec-1320-dup-1
rec-1320-dup-0,rec-1320-dup-1
rec-2745-org,rec-2745-dup-3
rec-2745-dup-0,rec-2745-dup-3
rec-2745-dup-1,rec-2745-dup-3
rec-2745-dup-2,rec-2745-dup-3
rec-7607-org,rec-7607-dup-3
rec-7607-dup-0,rec-7607-dup-3
rec-7607-dup-1,rec-7607-dup-3
rec-7607-dup-2,rec-7607-dup-3
rec-5246-org,rec-5246-dup-2
rec-5246-dup-0,rec-5246-dup-2
rec-5246-dup-1,rec-5246-dup-2
rec-7056-org,rec-7056-dup-2
rec-7056-dup-0,rec-7056-dup-2
rec-7056-dup-1,rec-7056-dup-2
rec-2650-org,rec-2650-dup-0
rec-1305-org,rec-1305-dup-3
rec-1305-dup-0,rec-1305-dup-3
rec-1305-dup-1,rec-1305-dup-3
rec-1305-dup-2,rec-1305-dup-3
rec-7585-org,rec-7585-dup-0
rec-7360-org,rec-7360-dup-3
rec-7360-dup-0,rec-7360-dup-3
rec-7360-dup-1,rec-7360-dup-3
rec-7360-dup-2,rec-7360-dup-3
rec-7223-org,rec-7223-dup-1
rec-7223-dup-0,rec-7223-dup-1
rec-2330-org,rec-2330-dup-0
rec-354-org,rec-354-dup-3
rec-354-dup-0,rec-354-dup-3
rec-354-dup-1,rec-354-dup-3
rec-354-dup-2,rec-354-dup-3
rec-101-org,rec-101-dup-2
rec-101-dup-0,rec-101-dup-2
rec-101-dup-1,rec-101-dup-2
rec-7607-org,rec-7607-dup-0
rec-2026-org,rec-2026-dup-1
rec-2026-dup-0,rec-2026-dup-1
rec-7794-org,rec-7794-dup-0
rec-8576-org,rec-8576-dup-0
rec-5436-org,rec-5436-dup-1
rec-5436-dup-0,rec-5436-dup-1
rec-1719-org,rec-1719-dup-1
rec-1719-dup-0,rec-1719-dup-1
rec-9232-org,rec-9232-dup-0
rec-1521-org,rec-1521-dup-1
rec-1521-dup-0,rec-1521-dup-1
rec-7350-org,rec-7350-dup-2
rec-7350-dup-0,rec-7350-dup-2
rec-7350-dup-1,rec-7350-dup-2
rec-7350-org,rec-7350-dup-1
rec-7350-dup-0,rec-7350-dup-1
rec-5707-org,rec-5707-dup-2
rec-5707-dup-0,rec-5707-dup-2
rec-5707-dup-1,rec-5707-dup-2
rec-7539-org,rec-7539-dup-0
rec-4506-org,rec-4506-dup-2
rec-4506-dup-0,rec-4506-dup-2
rec-4506-dup-1,rec-4506-dup-2
rec-1394-org,rec-1394-dup-1
rec-1394-dup-0,rec-1394-dup-1
rec-9055-org,rec-9055-dup-2
rec-9055-dup-0,rec-9055-dup-2
rec-9055-dup-1,rec-9055-dup-2
rec-151-org,rec-151-dup-1
rec-151-dup-0,rec-151-dup-1
rec-5248-org,rec-5248-dup-0
rec-1330-org,rec-1330-dup-0
rec-3553-org,rec-3553-dup-0
rec-8923-org,rec-8923-dup-1
rec-8923-dup-0,rec-8923-dup-1
rec-2738-org,rec-2738-dup-1
rec-2738-dup-0,rec-2738-dup-1
rec-2745-org,rec-2745-dup-2
rec-2745-dup-0,rec-2745-dup-2
rec-2745-dup-1,rec-2745-dup-2
rec-8579-org,rec-8579-dup-1
rec-8579-dup-0,rec-8579-dup-1
rec-2807-org,rec-2807-dup-0
rec-8879-org,rec-8879-dup-2
rec-8879-dup-0,rec-8879-dup-2
rec-8879-dup-1,rec-8879-dup-2
rec-4965-org,rec-4965-dup-1
rec-4965-dup-0,rec-4965-dup-1
rec-8923-org,rec-8923-dup-3
rec-8923-dup-0,rec-8923-dup-3
rec-8923-dup-1,rec-8923-dup-3
rec-8923-dup-2,rec-8923-dup-3
rec-8399-org,rec-8399-dup-0
rec-6763-org,rec-6763-dup-0
rec-3123-org,rec-3123-dup-0
rec-7025-org,rec-7025-dup-1
rec-7025-dup-0,rec-7025-dup-1
rec-3708-org,rec-3708-dup-0
rec-8832-org,rec-8832-dup-1
rec-8832-dup-0,rec-8832-dup-1
rec-19-org,rec-19-dup-2
rec-19-dup-0,rec-19-dup-2
rec-19-dup-1,rec-19-dup-2
rec-1914-org,rec-1914-dup-0
rec-4083-org,rec-4083-dup-0
rec-1245-org,rec-1245-dup-0
rec-4702-org,rec-4702-dup-1
rec-4702-dup-0,rec-4702-dup-1
rec-1962-org,rec-1962-dup-1
rec-1962-dup-0,rec-1962-dup-1
rec-9865-org,rec-9865-dup-1
rec-9865-dup-0,rec-9865-dup-1
rec-3407-org,rec-3407-dup-1
rec-3407-dup-0,rec-3407-dup-1
rec-1723-org,rec-1723-dup-2
rec-1723-dup-0,rec-1723-dup-2
rec-1723-dup-1,rec-1723-dup-2
rec-4862-org,rec-4862-dup-1
rec-4862-dup-0,rec-4862-dup-1
rec-2735-org,rec-2735-dup-2
rec-2735-dup-0,rec-2735-dup-2
rec-2735-dup-1,rec-2735-dup-2
rec-7397-org,rec-7397-dup-2
rec-7397-dup-0,rec-7397-dup-2
rec-7397-dup-1,rec-7397-dup-2
rec-8480-org,rec-8480-dup-0
rec-4292-org,rec-4292-dup-0
rec-6697-org,rec-6697-dup-0
rec-193-org,rec-193-dup-2
rec-193-dup-0,rec-193-dup-2
rec-193-dup-1,rec-193-dup-2
rec-396-org,rec-396-dup-1
rec-396-dup-0,rec-396-dup-1
rec-151-org,rec-151-dup-2
rec-151-dup-0,rec-151-dup-2
rec-151-dup-1,rec-151-dup-2
rec-1722-org,rec-1722-dup-0
rec-8807-org,rec-8807-dup-2
rec-8807-dup-0,rec-8807-dup-2
rec-8807-dup-1,rec-8807-dup-2
rec-3189-org,rec-3189-dup-2
rec-3189-dup-0,rec-3189-dup-2
rec-3189-dup-1,rec-3189-dup-2
rec-5521-org,rec-5521-dup-1
rec-5521-dup-0,rec-5521-dup-1
rec-1488-org,rec-1488-dup-0
rec-193-org,rec-193-dup-0
rec-5701-org,rec-5701-dup-0
rec-540-org,rec-540-dup-0
rec-2549-org,rec-2549-dup-0
rec-5940-org,rec-5940-dup-2
rec-5940-dup-0,rec-5940-dup-2
rec-5940-dup-1,rec-5940-dup-2
rec-9716-org,rec-9716-dup-3
rec-9716-dup-0,rec-9716-dup-3
rec-9716-dup-1,rec-9716-dup-3
rec-9716-dup-2,rec-9716-dup-3
rec-2083-org,rec-2083-dup-1
rec-2083-dup-0,rec-2083-dup-1
rec-1668-org,rec-1668-dup-3
rec-1668-dup-0,rec-1668-dup-3
rec-1668-dup-1,rec-1668-dup-3
rec-1668-dup-2,rec-1668-dup-3
rec-6713-org,rec-6713-dup-0
rec-3179-org,rec-3179-dup-2
rec-3179-dup-0,rec-3179-dup-2
rec-3179-dup-1,rec-3179-dup-2
rec-2026-org,rec-2026-dup-0
rec-9691-org,rec-9691-dup-0
rec-3035-org,rec-3035-dup-0
rec-9331-org,rec-9331-dup-0
rec-4737-org,rec-4737-dup-0
rec-7402-org,rec-7402-dup-0
rec-8319-org,rec-8319-dup-0
rec-7094-org,rec-7094-dup-0
rec-6067-org,rec-6067-dup-0
rec-3553-org,rec-3553-dup-1
rec-3553-dup-0,rec-3553-dup-1
rec-9156-org,rec-9156-dup-1
rec-9156-dup-0,rec-9156-dup-1
rec-9197-org,rec-9197-dup-1
rec-9197-dup-0,rec-9197-dup-1
rec-6439-org,rec-6439-dup-2
rec-6439-dup-0,rec-6439-dup-2
rec-6439-dup-1,rec-6439-dup-2
rec-9482-org,rec-9482-dup-0
rec-7440-org,rec-7440-dup-1
rec-7440-dup-0,rec-7440-dup-1
rec-8569-org,rec-8569-dup-0
rec-1385-org,rec-1385-dup-0
rec-3541-org,rec-3541-dup-1
rec-3541-dup-0,rec-3541-dup-1
rec-2215-org,rec-2215-dup-1
rec-2215-dup-0,rec-2215-dup-1
rec-1513-org,rec-1513-dup-0
rec-4724-org,rec-4724-dup-0
rec-6763-org,rec-6763-dup-1
rec-6763-dup-0,rec-6763-dup-1
rec-4537-org,rec-4537-dup-0
rec-5083-org,rec-5083-dup-0
rec-4606-org,rec-4606-dup-0
rec-9055-org,rec-9055-dup-1
rec-9055-dup-0,rec-9055-dup-1
rec-1239-org,rec-1239-dup-0
rec-3583-org,rec-3583-dup-0
rec-1713-org,rec-1713-dup-0
rec-2523-org,rec-2523-dup-1
rec-2523-dup-0,rec-2523-dup-1
rec-7056-org,rec-7056-dup-1
rec-7056-dup-0,rec-7056-dup-1
rec-1400-org,rec-1400-dup-1
rec-1400-dup-0,rec-1400-dup-1
rec-7570-org,rec-7570-dup-0
rec-3407-org,rec-3407-dup-2
rec-3407-dup-0,rec-3407-dup-2
rec-3407-dup-1,rec-3407-dup-2
rec-2860-org,rec-2860-dup-1
rec-2860-dup-0,rec-2860-dup-1
rec-2083-org,rec-2083-dup-0
rec-3373-org,rec-3373-dup-0
rec-2362-org,rec-2362-dup-1
rec-2362-dup-0,rec-2362-dup-1
rec-9654-org,rec-9654-dup-1
rec-9654-dup-0,rec-9654-dup-1
rec-9583-org,rec-9583-dup-0
rec-6401-org,rec-6401-dup-1
rec-6401-dup-0,rec-6401-dup-1
rec-5649-org,rec-5649-dup-2
rec-5649-dup-0,rec-5649-dup-2
rec-5649-dup-1,rec-5649-dup-2
rec-4840-org,rec-4840-dup-1
rec-4840-dup-0,rec-4840-dup-1
rec-2721-org,rec-2721-dup-0
rec-4734-org,rec-4734-dup-1
rec-4734-dup-0,rec-4734-dup-1
rec-6226-org,rec-6226-dup-2
rec-6226-dup-0,rec-6226-dup-2
rec-6226-dup-1,rec-6226-dup-2
rec-6833-org,rec-6833-dup-0
rec-2843-org,rec-2843-dup-0
rec-4916-org,rec-4916-dup-0
rec-1962-org,rec-1962-dup-0
rec-8780-org,rec-8780-dup-1
rec-8780-dup-0,rec-8780-dup-1
rec-8458-org,rec-8458-dup-0
rec-6166-org,rec-6166-dup-0
rec-3366-org,rec-3366-dup-0
rec-3366-org,rec-3366-dup-2
rec-3366-dup-0,rec-3366-dup-2
rec-3366-dup-1,rec-3366-dup-2
rec-2237-org,rec-2237-dup-1
rec-2237-dup-0,rec-2237-dup-1
rec-9608-org,rec-9608-dup-0
rec-5982-org,rec-5982-dup-1
rec-5982-dup-0,rec-5982-dup-1
rec-3917-org,rec-3917-dup-0
rec-1555-org,rec-1555-dup-0
rec-7025-org,rec-7025-dup-0
rec-7290-org,rec-7290-dup-3
rec-7290-dup-0,rec-7290-dup-3
rec-7290-dup-1,rec-7290-dup-3
rec-7290-dup-2,rec-7290-dup-3
rec-2344-org,rec-2344-dup-0
rec-20-org,rec-20-dup-0
rec-2762-org,rec-2762-dup-1
rec-2762-dup-0,rec-2762-dup-1
rec-1239-org,rec-1239-dup-1
rec-1239-dup-0,rec-1239-dup-1
rec-3260-org,rec-3260-dup-0
rec-878-org,rec-878-dup-1
rec-878-dup-0,rec-878-dup-1
rec-1305-org,rec-1305-dup-2
rec-1305-dup-0,rec-1305-dup-2
rec-1305-dup-1,rec-1305-dup-2
rec-2363-org,rec-2363-dup-0
rec-396-org,rec-396-dup-2
rec-396-dup-0,rec-396-dup-2
rec-396-dup-1,rec-396-dup-2
rec-5443-org,rec-5443-dup-1
rec-5443-dup-0,rec-5443-dup-1
rec-3783-org,rec-3783-dup-1
rec-3783-dup-0,rec-3783-dup-1
rec-3870-org,rec-3870-dup-0
rec-931-org,rec-931-dup-1
rec-931-dup-0,rec-931-dup-1
rec-2362-org,rec-2362-dup-0
rec-4633-org,rec-4633-dup-0
rec-4553-org,rec-4553-dup-0
rec-8626-org,rec-8626-dup-0
rec-210-org,rec-210-dup-1
rec-210-dup-0,rec-210-dup-1
rec-8682-org,rec-8682-dup-0
rec-7440-org,rec-7440-dup-0
rec-5246-org,rec-5246-dup-0
rec-8938-org,rec-8938-dup-0
rec-748-org,rec-748-dup-0
rec-7111-org,rec-7111-dup-1
rec-7111-dup-0,rec-7111-dup-1
rec-3340-org,rec-3340-dup-0
rec-929-org,rec-929-dup-1
rec-929-dup-0,rec-929-dup-1
rec-5668-org,rec-5668-dup-0
rec-8999-org,rec-8999-dup-0
rec-7467-org,rec-7467-dup-1
rec-7467-dup-0,rec-7467-dup-1
rec-2807-org,rec-2807-dup-2
rec-2807-dup-0,rec-2807-dup-2
rec-2807-dup-1,rec-2807-dup-2
rec-5707-org,rec-5707-dup-1
rec-5707-dup-0,rec-5707-dup-1
rec-5177-org,rec-5177-dup-1
rec-5177-dup-0,rec-5177-dup-1
rec-2433-org,rec-2433-dup-0
rec-7231-org,rec-7231-dup-0
rec-1168-org,rec-1168-dup-0
rec-8150-org,rec-8150-dup-1
rec-8150-dup-0,rec-8150-dup-1
rec-6812-org,rec-6812-dup-0
rec-5435-org,rec-5435-dup-0
rec-3189-org,rec-3189-dup-3
rec-3189-dup-0,rec-3189-dup-3
rec-3189-dup-1,rec-3189-dup-3
rec-3189-dup-2,rec-3189-dup-3
rec-1613-org,rec-1613-dup-1
rec-1613-dup-0,rec-1613-dup-1
rec-3844-org,rec-3844-dup-0
rec-9156-org,rec-9156-dup-0
rec-1245-org,rec-1245-dup-1
rec-1245-dup-0,rec-1245-dup-1
rec-4723-org,rec-4723-dup-1
rec-4723-dup-0,rec-4723-dup-1
rec-2650-org,rec-2650-dup-1
rec-2650-dup-0,rec-2650-dup-1
rec-6801-org,rec-6801-dup-2
rec-6801-dup-0,rec-6801-dup-2
rec-6801-dup-1,rec-6801-dup-2
rec-5116-org,rec-5116-dup-0
rec-5732-org,rec-5732-dup-1
rec-5732-dup-0,rec-5732-dup-1
rec-7397-org,rec-7397-dup-0
rec-2330-org,rec-2330-dup-1
rec-2330-dup-0,rec-2330-dup-1
rec-4512-org,rec-4512-dup-1
rec-4512-dup-0,rec-4512-dup-1
rec-1536-org,rec-1536-dup-2
rec-1536-dup-0,rec-1536-dup-2
rec-1536-dup-1,rec-1536-dup-2
rec-4851-org,rec-4851-dup-1
rec-4851-dup-0,rec-4851-dup-1
rec-9336-org,rec-9336-dup-0
rec-7570-org,rec-7570-dup-1
rec-7570-dup-0,rec-7570-dup-1
rec-3880-org,rec-3880-dup-0
rec-6026-org,rec-6026-dup-2
rec-6026-dup-0,rec-6026-dup-2
rec-6026-dup-1,rec-6026-dup-2
rec-3996-org,rec-3996-dup-0
rec-535-org,rec-535-dup-0
rec-2745-org,rec-2745-dup-1
rec-2745-dup-0,rec-2745-dup-1
rec-5356-org,rec-5356-dup-0
rec-4633-org,rec-4633-dup-1
rec-4633-dup-0,rec-4633-dup-1
rec-4360-org,rec-4360-dup-2
rec-4360-dup-0,rec-4360-dup-2
rec-4360-dup-1,rec-4360-dup-2
rec-2344-org,rec-2344-dup-2
rec-2344-dup-0,rec-2344-dup-2
rec-2344-dup-1,rec-2344-dup-2
rec-4965-org,rec-4965-dup-0
rec-8116-org,rec-8116-dup-1
rec-8116-dup-0,rec-8116-dup-1
rec-3618-org,rec-3618-dup-0
rec-9610-org,rec-9610-dup-0
rec-2344-org,rec-2344-dup-3
rec-2344-dup-0,rec-2344-dup-3
rec-2344-dup-1,rec-2344-dup-3
rec-2344-dup-2,rec-2344-dup-3
rec-101-org,rec-101-dup-0
rec-3575-org,rec-3575-dup-0
rec-1438-org,rec-1438-dup-0
rec-1393-org,rec-1393-dup-0
rec-9164-org,rec-9164-dup-0
rec-6833-org,rec-6833-dup-2
rec-6833-dup-0,rec-6833-dup-2
rec-6833-dup-1,rec-6833-dup-2
rec-3641-org,rec-3641-dup-1
rec-3641-dup-0,rec-3641-dup-1
rec-490-org,rec-490-dup-0
rec-2738-org,rec-2738-dup-0
rec-3870-org,rec-3870-dup-2
rec-3870-dup-0,rec-3870-dup-2
rec-3870-dup-1,rec-3870-dup-2
rec-2330-org,rec-2330-dup-2
rec-2330-dup-0,rec-2330-dup-2
rec-2330-dup-1,rec-2330-dup-2
rec-439-org,rec-439-dup-0
rec-8048-org,rec-8048-dup-1
rec-8048-dup-0,rec-8048-dup-1
rec-2293-org,rec-2293-dup-0
rec-7588-org,rec-7588-dup-2
rec-7588-dup-0,rec-7588-dup-2
rec-7588-dup-1,rec-7588-dup-2
rec-4724-org,rec-4724-dup-1
rec-4724-dup-0,rec-4724-dup-1
rec-5028-org,rec-5028-dup-0
rec-6039-org,rec-6039-dup-0
rec-5443-org,rec-5443-dup-2
rec-5443-dup-0,rec-5443-dup-2
rec-5443-dup-1,rec-5443-dup-2
rec-867-org,rec-867-dup-1
rec-867-dup-0,rec-867-dup-1
rec-290-org,rec-290-dup-0
rec-5732-org,rec-5732-dup-2
rec-5732-dup-0,rec-5732-dup-2
rec-5732-dup-1,rec-5732-dup-2
rec-7662-org,rec-7662-dup-1
rec-7662-dup-0,rec-7662-dup-1
rec-1655-org,rec-1655-dup-0
rec-4833-org,rec-4833-dup-1
rec-4833-dup-0,rec-4833-dup-1
rec-6399-org,rec-6399-dup-0
rec-1867-org,rec-1867-dup-1
rec-1867-dup-0,rec-1867-dup-1
rec-6026-org,rec-6026-dup-1
rec-6026-dup-0,rec-6026-dup-1
rec-1430-org,rec-1430-dup-2
rec-1430-dup-0,rec-1430-dup-2
rec-1430-dup-1,rec-1430-dup-2
rec-1823-org,rec-1823-dup-0
rec-151-org,rec-151-dup-0
rec-9498-org,rec-9498-dup-0
rec-7074-org,rec-7074-dup-1
rec-7074-dup-0,rec-7074-dup-1
rec-4965-org,rec-4965-dup-2
rec-4965-dup-0,rec-4965-dup-2
rec-4965-dup-1,rec-4965-dup-2
rec-7729-org,rec-7729-dup-1
rec-7729-dup-0,rec-7729-dup-1
rec-1668-org,rec-1668-dup-1
rec-1668-dup-0,rec-1668-dup-1
rec-3202-org,rec-3202-dup-0
rec-279-org,rec-279-dup-0
rec-9614-org,rec-9614-dup-0
rec-5787-org,rec-5787-dup-0
rec-6479-org,rec-6479-dup-1
rec-6479-dup-0,rec-6479-dup-1
rec-1892-org,rec-1892-dup-0
rec-1407-org,rec-1407-dup-0
rec-7161-org,rec-7161-dup-0
rec-8975-org,rec-8975-dup-1
rec-8975-dup-0,rec-8975-dup-1
rec-410-org,rec-410-dup-0
rec-184-org,rec-184-dup-1
rec-184-dup-0,rec-184-dup-1
rec-7290-org,rec-7290-dup-1
rec-7290-dup-0,rec-7290-dup-1
rec-4663-org,rec-4663-dup-0
rec-6938-org,rec-6938-dup-0
rec-7290-org,rec-7290-dup-0
rec-4902-org,rec-4902-dup-1
rec-4902-dup-0,rec-4902-dup-1
rec-2499-org,rec-2499-dup-2
rec-2499-dup-0,rec-2499-dup-2
rec-2499-dup-1,rec-2499-dup-2
rec-2541-org,rec-2541-dup-1
rec-2541-dup-0,rec-2541-dup-1
rec-4893-org,rec-4893-dup-0
rec-7507-org,rec-7507-dup-3
rec-7507-dup-0,rec-7507-dup-3
rec-7507-dup-1,rec-7507-dup-3
rec-7507-dup-2,rec-7507-dup-3
rec-544-org,rec-544-dup-0
rec-1668-org,rec-1668-dup-2
rec-1668-dup-0,rec-1668-dup-2
rec-1668-dup-1,rec-1668-dup-2
rec-2805-org,rec-2805-dup-1
rec-2805-dup-0,rec-2805-dup-1
rec-3783-org,rec-3783-dup-0
rec-1378-org,rec-1378-dup-0
rec-6849-org,rec-6849-dup-1
rec-6849-dup-0,rec-6849-dup-1
rec-4360-org,rec-4360-dup-0
rec-544-org,rec-544-dup-1
rec-544-dup-0,rec-544-dup-1
rec-898-org,rec-898-dup-0
rec-290-org,rec-290-dup-2
rec-290-dup-0,rec-290-dup-2
rec-290-dup-1,rec-290-dup-2
rec-2719-org,rec-2719-dup-1
rec-2719-dup-0,rec-2719-dup-1
rec-3788-org,rec-3788-dup-0
rec-2836-org,rec-2836-dup-0
rec-9209-org,rec-9209-dup-1
rec-9209-dup-0,rec-9209-dup-1
rec-4015-org,rec-4015-dup-0
rec-6288-org,rec-6288-dup-1
rec-6288-dup-0,rec-6288-dup-1
rec-3222-org,rec-3222-dup-0
rec-1320-org,rec-1320-dup-2
rec-1320-dup-0,rec-1320-dup-2
rec-1320-dup-1,rec-1320-dup-2
rec-4225-org,rec-4225-dup-0
rec-7397-org,rec-7397-dup-1
rec-7397-dup-0,rec-7397-dup-1
rec-1430-org,rec-1430-dup-0
rec-7223-org,rec-7223-dup-0
rec-6291-org,rec-6291-dup-0
rec-2523-org,rec-2523-dup-0
rec-3856-org,rec-3856-dup-0
rec-6908-org,rec-6908-dup-0
rec-615-org,rec-615-dup-0
rec-6901-org,rec-6901-dup-1
rec-6901-dup-0,rec-6901-dup-1
rec-7971-org,rec-7971-dup-2
rec-7971-dup-0,rec-7971-dup-2
rec-7971-dup-1,rec-7971-dup-2
