rec-4-org,rec-4-dup-2
rec-4-dup-0,rec-4-dup-2
rec-4-dup-1,rec-4-dup-2
rec-4-org,rec-4-dup-1
rec-4-dup-0,rec-4-dup-1
rec-1-org,rec-1-dup-2
rec-1-dup-0,rec-1-dup-2
rec-1-dup-1,rec-1-dup-2
rec-1-org,rec-1-dup-3
rec-1-dup-0,rec-1-dup-3
rec-1-dup-1,rec-1-dup-3
rec-1-dup-2,rec-1-dup-3
rec-7-org,rec-7-dup-1
rec-7-dup-0,rec-7-dup-1
rec-1-org,rec-1-dup-0
rec-4-org,rec-4-dup-0
rec-7-org,rec-7-dup-0
rec-1-org,rec-1-dup-1
rec-1-dup-0,rec-1-dup-1
rec-7-org,rec-7-dup-2
rec-7-dup-0,rec-7-dup-2
rec-7-dup-1,rec-7-dup-2
