rec-3395-org,rec-3395-dup-2
rec-3395-dup-0,rec-3395-dup-2
rec-3395-dup-1,rec-3395-dup-2
rec-4971-org,rec-4971-dup-1
rec-4971-dup-0,rec-4971-dup-1
rec-4625-org,rec-4625-dup-0
rec-3836-org,rec-3836-dup-1
rec-3836-dup-0,rec-3836-dup-1
rec-6960-org,rec-6960-dup-2
rec-6960-dup-0,rec-6960-dup-2
rec-6960-dup-1,rec-6960-dup-2
rec-1865-org,rec-1865-dup-3
rec-1865-dup-0,rec-1865-dup-3
rec-1865-dup-1,rec-1865-dup-3
rec-1865-dup-2,rec-1865-dup-3
rec-7908-org,rec-7908-dup-1
rec-7908-dup-0,rec-7908-dup-1
rec-1121-org,rec-1121-dup-1
rec-1121-dup-0,rec-1121-dup-1
rec-6448-org,rec-6448-dup-2
rec-6448-dup-0,rec-6448-dup-2
rec-6448-dup-1,rec-6448-dup-2
rec-5401-org,rec-5401-dup-1
rec-5401-dup-0,rec-5401-dup-1
rec-4805-org,rec-4805-dup-0
rec-7049-org,rec-7049-dup-0
rec-139-org,rec-139-dup-0
rec-2535-org,rec-2535-dup-0
rec-9196-org,rec-9196-dup-2
rec-9196-dup-0,rec-9196-dup-2
rec-9196-dup-1,rec-9196-dup-2
rec-571-org,rec-571-dup-0
rec-1849-org,rec-1849-dup-2
rec-1849-dup-0,rec-1849-dup-2
rec-1849-dup-1,rec-1849-dup-2
rec-1139-org,rec-1139-dup-0
rec-1849-org,rec-1849-dup-0
rec-740-org,rec-740-dup-0
rec-6412-org,rec-6412-dup-1
rec-6412-dup-0,rec-6412-dup-1
rec-9555-org,rec-9555-dup-1
rec-9555-dup-0,rec-9555-dup-1
rec-5555-org,rec-5555-dup-1
rec-5555-dup-0,rec-5555-dup-1
rec-4253-org,rec-4253-dup-3
rec-4253-dup-0,rec-4253-dup-3
rec-4253-dup-1,rec-4253-dup-3
rec-4253-dup-2,rec-4253-dup-3
rec-7313-org,rec-7313-dup-1
rec-7313-dup-0,rec-7313-dup-1
rec-3288-org,rec-3288-dup-1
rec-3288-dup-0,rec-3288-dup-1
rec-7593-org,rec-7593-dup-0
rec-6214-org,rec-6214-dup-0
rec-1433-org,rec-1433-dup-2
rec-1433-dup-0,rec-1433-dup-2
rec-1433-dup-1,rec-1433-dup-2
rec-2195-org,rec-2195-dup-0
rec-443-org,rec-443-dup-0
rec-9037-org,rec-9037-dup-0
rec-7688-org,rec-7688-dup-0
rec-3097-org,rec-3097-dup-0
rec-8996-org,rec-8996-dup-1
rec-8996-dup-0,rec-8996-dup-1
rec-2271-org,rec-2271-dup-0
rec-8732-org,rec-8732-dup-0
rec-765-org,rec-765-dup-1
rec-765-dup-0,rec-765-dup-1
rec-2524-org,rec-2524-dup-0
rec-1692-org,rec-1692-dup-0
rec-4677-org,rec-4677-dup-0
rec-8062-org,rec-8062-dup-2
rec-8062-dup-0,rec-8062-dup-2
rec-8062-dup-1,rec-8062-dup-2
rec-1187-org,rec-1187-dup-2
rec-1187-dup-0,rec-1187-dup-2
rec-1187-dup-1,rec-1187-dup-2
rec-9255-org,rec-9255-dup-1
rec-9255-dup-0,rec-9255-dup-1
rec-6652-org,rec-6652-dup-1
rec-6652-dup-0,rec-6652-dup-1
rec-4260-org,rec-4260-dup-0
rec-9197-org,rec-9197-dup-0
rec-96-org,rec-96-dup-0
rec-9041-org,rec-9041-dup-0
rec-3085-org,rec-3085-dup-0
rec-6556-org,rec-6556-dup-1
rec-6556-dup-0,rec-6556-dup-1
rec-349-org,rec-349-dup-0
rec-5586-org,rec-5586-dup-0
rec-7256-org,rec-7256-dup-1
rec-7256-dup-0,rec-7256-dup-1
rec-2435-org,rec-2435-dup-0
rec-7688-org,rec-7688-dup-2
rec-7688-dup-0,rec-7688-dup-2
rec-7688-dup-1,rec-7688-dup-2
rec-8741-org,rec-8741-dup-0
rec-88-org,rec-88-dup-0
rec-5745-org,rec-5745-dup-0
rec-3346-org,rec-3346-dup-1
rec-3346-dup-0,rec-3346-dup-1
rec-4009-org,rec-4009-dup-0
rec-7992-org,rec-7992-dup-0
rec-8996-org,rec-8996-dup-0
rec-3223-org,rec-3223-dup-2
rec-3223-dup-0,rec-3223-dup-2
rec-3223-dup-1,rec-3223-dup-2
rec-6788-org,rec-6788-dup-1
rec-6788-dup-0,rec-6788-dup-1
rec-753-org,rec-753-dup-1
rec-753-dup-0,rec-753-dup-1
rec-6490-org,rec-6490-dup-0
rec-214-org,rec-214-dup-1
rec-214-dup-0,rec-214-dup-1
rec-4925-org,rec-4925-dup-3
rec-4925-dup-0,rec-4925-dup-3
rec-4925-dup-1,rec-4925-dup-3
rec-4925-dup-2,rec-4925-dup-3
rec-2966-org,rec-2966-dup-0
rec-5984-org,rec-5984-dup-0
rec-9610-org,rec-9610-dup-1
rec-9610-dup-0,rec-9610-dup-1
rec-8099-org,rec-8099-dup-0
rec-6004-org,rec-6004-dup-1
rec-6004-dup-0,rec-6004-dup-1
rec-5599-org,rec-5599-dup-1
rec-5599-dup-0,rec-5599-dup-1
rec-1865-org,rec-1865-dup-0
rec-3545-org,rec-3545-dup-0
rec-6827-org,rec-6827-dup-0
rec-6529-org,rec-6529-dup-0
rec-8851-org,rec-8851-dup-1
rec-8851-dup-0,rec-8851-dup-1
rec-6566-org,rec-6566-dup-1
rec-6566-dup-0,rec-6566-dup-1
rec-6464-org,rec-6464-dup-0
rec-8564-org,rec-8564-dup-1
rec-8564-dup-0,rec-8564-dup-1
rec-5943-org,rec-5943-dup-0
rec-6070-org,rec-6070-dup-0
rec-7227-org,rec-7227-dup-1
rec-7227-dup-0,rec-7227-dup-1
rec-5998-org,rec-5998-dup-2
rec-5998-dup-0,rec-5998-dup-2
rec-5998-dup-1,rec-5998-dup-2
rec-3098-org,rec-3098-dup-0
rec-8153-org,rec-8153-dup-0
rec-2452-org,rec-2452-dup-0
rec-3689-org,rec-3689-dup-1
rec-3689-dup-0,rec-3689-dup-1
rec-163-org,rec-163-dup-0
rec-9196-org,rec-9196-dup-1
rec-9196-dup-0,rec-9196-dup-1
rec-3025-org,rec-3025-dup-0
rec-6566-org,rec-6566-dup-0
rec-5746-org,rec-5746-dup-1
rec-5746-dup-0,rec-5746-dup-1
rec-9322-org,rec-9322-dup-1
rec-9322-dup-0,rec-9322-dup-1
rec-7782-org,rec-7782-dup-1
rec-7782-dup-0,rec-7782-dup-1
rec-4105-org,rec-4105-dup-0
rec-5985-org,rec-5985-dup-0
rec-7290-org,rec-7290-dup-0
rec-7661-org,rec-7661-dup-1
rec-7661-dup-0,rec-7661-dup-1
rec-4432-org,rec-4432-dup-0
rec-6164-org,rec-6164-dup-2
rec-6164-dup-0,rec-6164-dup-2
rec-6164-dup-1,rec-6164-dup-2
rec-506-org,rec-506-dup-0
rec-4653-org,rec-4653-dup-3
rec-4653-dup-0,rec-4653-dup-3
rec-4653-dup-1,rec-4653-dup-3
rec-4653-dup-2,rec-4653-dup-3
rec-989-org,rec-989-dup-0
rec-506-org,rec-506-dup-1
rec-506-dup-0,rec-506-dup-1
rec-4981-org,rec-4981-dup-1
rec-4981-dup-0,rec-4981-dup-1
rec-9747-org,rec-9747-dup-1
rec-9747-dup-0,rec-9747-dup-1
rec-2607-org,rec-2607-dup-0
rec-7338-org,rec-7338-dup-3
rec-7338-dup-0,rec-7338-dup-3
rec-7338-dup-1,rec-7338-dup-3
rec-7338-dup-2,rec-7338-dup-3
rec-6822-org,rec-6822-dup-3
rec-6822-dup-0,rec-6822-dup-3
rec-6822-dup-1,rec-6822-dup-3
rec-6822-dup-2,rec-6822-dup-3
rec-6209-org,rec-6209-dup-0
rec-8184-org,rec-8184-dup-0
rec-2661-org,rec-2661-dup-2
rec-2661-dup-0,rec-2661-dup-2
rec-2661-dup-1,rec-2661-dup-2
rec-7313-org,rec-7313-dup-2
rec-7313-dup-0,rec-7313-dup-2
rec-7313-dup-1,rec-7313-dup-2
rec-3447-org,rec-3447-dup-0
rec-136-org,rec-136-dup-0
rec-3600-org,rec-3600-dup-2
rec-3600-dup-0,rec-3600-dup-2
rec-3600-dup-1,rec-3600-dup-2
rec-8937-org,rec-8937-dup-1
rec-8937-dup-0,rec-8937-dup-1
rec-9555-org,rec-9555-dup-2
rec-9555-dup-0,rec-9555-dup-2
rec-9555-dup-1,rec-9555-dup-2
rec-3371-org,rec-3371-dup-3
rec-3371-dup-0,rec-3371-dup-3
rec-3371-dup-1,rec-3371-dup-3
rec-3371-dup-2,rec-3371-dup-3
rec-2533-org,rec-2533-dup-1
rec-2533-dup-0,rec-2533-dup-1
rec-524-org,rec-524-dup-1
rec-524-dup-0,rec-524-dup-1
rec-5296-org,rec-5296-dup-2
rec-5296-dup-0,rec-5296-dup-2
rec-5296-dup-1,rec-5296-dup-2
rec-8373-org,rec-8373-dup-0
rec-7872-org,rec-7872-dup-0
rec-2827-org,rec-2827-dup-1
rec-2827-dup-0,rec-2827-dup-1
rec-6148-org,rec-6148-dup-1
rec-6148-dup-0,rec-6148-dup-1
rec-5943-org,rec-5943-dup-2
rec-5943-dup-0,rec-5943-dup-2
rec-5943-dup-1,rec-5943-dup-2
rec-5132-org,rec-5132-dup-1
rec-5132-dup-0,rec-5132-dup-1
rec-6652-org,rec-6652-dup-0
rec-3827-org,rec-3827-dup-1
rec-3827-dup-0,rec-3827-dup-1
rec-9958-org,rec-9958-dup-0
rec-8146-org,rec-8146-dup-0
rec-4901-org,rec-4901-dup-1
rec-4901-dup-0,rec-4901-dup-1
rec-1744-org,rec-1744-dup-0
rec-479-org,rec-479-dup-1
rec-479-dup-0,rec-479-dup-1
rec-7340-org,rec-7340-dup-0
rec-524-org,rec-524-dup-2
rec-524-dup-0,rec-524-dup-2
rec-524-dup-1,rec-524-dup-2
rec-7947-org,rec-7947-dup-1
rec-7947-dup-0,rec-7947-dup-1
rec-9723-org,rec-9723-dup-1
rec-9723-dup-0,rec-9723-dup-1
rec-9368-org,rec-9368-dup-0
rec-1139-org,rec-1139-dup-1
rec-1139-dup-0,rec-1139-dup-1
rec-399-org,rec-399-dup-2
rec-399-dup-0,rec-399-dup-2
rec-399-dup-1,rec-399-dup-2
rec-3818-org,rec-3818-dup-1
rec-3818-dup-0,rec-3818-dup-1
rec-944-org,rec-944-dup-0
rec-8218-org,rec-8218-dup-0
rec-9544-org,rec-9544-dup-1
rec-9544-dup-0,rec-9544-dup-1
rec-2385-org,rec-2385-dup-1
rec-2385-dup-0,rec-2385-dup-1
rec-4625-org,rec-4625-dup-2
rec-4625-dup-0,rec-4625-dup-2
rec-4625-dup-1,rec-4625-dup-2
rec-9196-org,rec-9196-dup-0
rec-7942-org,rec-7942-dup-3
rec-7942-dup-0,rec-7942-dup-3
rec-7942-dup-1,rec-7942-dup-3
rec-7942-dup-2,rec-7942-dup-3
rec-8681-org,rec-8681-dup-0
rec-8062-org,rec-8062-dup-1
rec-8062-dup-0,rec-8062-dup-1
rec-6939-org,rec-6939-dup-2
rec-6939-dup-0,rec-6939-dup-2
rec-6939-dup-1,rec-6939-dup-2
rec-9283-org,rec-9283-dup-0
rec-5962-org,rec-5962-dup-0
rec-6960-org,rec-6960-dup-1
rec-6960-dup-0,rec-6960-dup-1
rec-7338-org,rec-7338-dup-0
rec-4925-org,rec-4925-dup-2
rec-4925-dup-0,rec-4925-dup-2
rec-4925-dup-1,rec-4925-dup-2
rec-6492-org,rec-6492-dup-0
rec-6345-org,rec-6345-dup-0
rec-7308-org,rec-7308-dup-0
rec-4981-org,rec-4981-dup-0
rec-1477-org,rec-1477-dup-1
rec-1477-dup-0,rec-1477-dup-1
rec-4253-org,rec-4253-dup-1
rec-4253-dup-0,rec-4253-dup-1
rec-9123-org,rec-9123-dup-2
rec-9123-dup-0,rec-9123-dup-2
rec-9123-dup-1,rec-9123-dup-2
rec-8980-org,rec-8980-dup-1
rec-8980-dup-0,rec-8980-dup-1
rec-7010-org,rec-7010-dup-0
rec-4568-org,rec-4568-dup-1
rec-4568-dup-0,rec-4568-dup-1
rec-7236-org,rec-7236-dup-0
rec-3836-org,rec-3836-dup-2
rec-3836-dup-0,rec-3836-dup-2
rec-3836-dup-1,rec-3836-dup-2
rec-9920-org,rec-9920-dup-2
rec-9920-dup-0,rec-9920-dup-2
rec-9920-dup-1,rec-9920-dup-2
rec-4318-org,rec-4318-dup-2
rec-4318-dup-0,rec-4318-dup-2
rec-4318-dup-1,rec-4318-dup-2
rec-8229-org,rec-8229-dup-1
rec-8229-dup-0,rec-8229-dup-1
rec-7676-org,rec-7676-dup-1
rec-7676-dup-0,rec-7676-dup-1
rec-5280-org,rec-5280-dup-0
rec-893-org,rec-893-dup-0
rec-8338-org,rec-8338-dup-0
rec-5607-org,rec-5607-dup-1
rec-5607-dup-0,rec-5607-dup-1
rec-9920-org,rec-9920-dup-3
rec-9920-dup-0,rec-9920-dup-3
rec-9920-dup-1,rec-9920-dup-3
rec-9920-dup-2,rec-9920-dup-3
rec-1177-org,rec-1177-dup-2
rec-1177-dup-0,rec-1177-dup-2
rec-1177-dup-1,rec-1177-dup-2
rec-3269-org,rec-3269-dup-0
rec-216-org,rec-216-dup-0
rec-3331-org,rec-3331-dup-0
rec-2303-org,rec-2303-dup-1
rec-2303-dup-0,rec-2303-dup-1
rec-8999-org,rec-8999-dup-1
rec-8999-dup-0,rec-8999-dup-1
rec-8062-org,rec-8062-dup-0
rec-3473-org,rec-3473-dup-1
rec-3473-dup-0,rec-3473-dup-1
rec-4583-org,rec-4583-dup-1
rec-4583-dup-0,rec-4583-dup-1
rec-7688-org,rec-7688-dup-1
rec-7688-dup-0,rec-7688-dup-1
rec-6344-org,rec-6344-dup-0
rec-8937-org,rec-8937-dup-0
rec-7960-org,rec-7960-dup-0
rec-9544-org,rec-9544-dup-2
rec-9544-dup-0,rec-9544-dup-2
rec-9544-dup-1,rec-9544-dup-2
rec-2584-org,rec-2584-dup-0
rec-5386-org,rec-5386-dup-0
rec-1165-org,rec-1165-dup-0
rec-4583-org,rec-4583-dup-0
rec-9041-org,rec-9041-dup-1
rec-9041-dup-0,rec-9041-dup-1
rec-295-org,rec-295-dup-2
rec-295-dup-0,rec-295-dup-2
rec-295-dup-1,rec-295-dup-2
rec-5609-org,rec-5609-dup-0
rec-7696-org,rec-7696-dup-1
rec-7696-dup-0,rec-7696-dup-1
rec-7256-org,rec-7256-dup-0
rec-479-org,rec-479-dup-0
rec-9555-org,rec-9555-dup-0
rec-7325-org,rec-7325-dup-1
rec-7325-dup-0,rec-7325-dup-1
rec-1770-org,rec-1770-dup-0
rec-2661-org,rec-2661-dup-0
rec-4260-org,rec-4260-dup-1
rec-4260-dup-0,rec-4260-dup-1
rec-777-org,rec-777-dup-2
rec-777-dup-0,rec-777-dup-2
rec-777-dup-1,rec-777-dup-2
rec-1344-org,rec-1344-dup-0
rec-3382-org,rec-3382-dup-0
rec-7992-org,rec-7992-dup-2
rec-7992-dup-0,rec-7992-dup-2
rec-7992-dup-1,rec-7992-dup-2
rec-5599-org,rec-5599-dup-0
rec-8980-org,rec-8980-dup-0
rec-8564-org,rec-8564-dup-2
rec-8564-dup-0,rec-8564-dup-2
rec-8564-dup-1,rec-8564-dup-2
rec-6448-org,rec-6448-dup-1
rec-6448-dup-0,rec-6448-dup-1
rec-7338-org,rec-7338-dup-2
rec-7338-dup-0,rec-7338-dup-2
rec-7338-dup-1,rec-7338-dup-2
rec-5681-org,rec-5681-dup-0
rec-4748-org,rec-4748-dup-0
rec-6810-org,rec-6810-dup-0
rec-5201-org,rec-5201-dup-1
rec-5201-dup-0,rec-5201-dup-1
rec-136-org,rec-136-dup-1
rec-136-dup-0,rec-136-dup-1
rec-8229-org,rec-8229-dup-0
rec-3507-org,rec-3507-dup-0
rec-9894-org,rec-9894-dup-1
rec-9894-dup-0,rec-9894-dup-1
rec-8528-org,rec-8528-dup-1
rec-8528-dup-0,rec-8528-dup-1
rec-1484-org,rec-1484-dup-0
rec-777-org,rec-777-dup-0
rec-7767-org,rec-7767-dup-2
rec-7767-dup-0,rec-7767-dup-2
rec-7767-dup-1,rec-7767-dup-2
rec-1883-org,rec-1883-dup-1
rec-1883-dup-0,rec-1883-dup-1
rec-2578-org,rec-2578-dup-2
rec-2578-dup-0,rec-2578-dup-2
rec-2578-dup-1,rec-2578-dup-2
rec-6576-org,rec-6576-dup-1
rec-6576-dup-0,rec-6576-dup-1
rec-776-org,rec-776-dup-0
rec-7942-org,rec-7942-dup-0
rec-8534-org,rec-8534-dup-3
rec-8534-dup-0,rec-8534-dup-3
rec-8534-dup-1,rec-8534-dup-3
rec-8534-dup-2,rec-8534-dup-3
rec-5231-org,rec-5231-dup-1
rec-5231-dup-0,rec-5231-dup-1
rec-3395-org,rec-3395-dup-1
rec-3395-dup-0,rec-3395-dup-1
rec-7049-org,rec-7049-dup-1
rec-7049-dup-0,rec-7049-dup-1
rec-5227-org,rec-5227-dup-1
rec-5227-dup-0,rec-5227-dup-1
rec-5523-org,rec-5523-dup-1
rec-5523-dup-0,rec-5523-dup-1
rec-8004-org,rec-8004-dup-0
rec-8099-org,rec-8099-dup-2
rec-8099-dup-0,rec-8099-dup-2
rec-8099-dup-1,rec-8099-dup-2
rec-289-org,rec-289-dup-1
rec-289-dup-0,rec-289-dup-1
rec-7782-org,rec-7782-dup-0
rec-9337-org,rec-9337-dup-0
rec-8445-org,rec-8445-dup-0
rec-8528-org,rec-8528-dup-0
rec-4657-org,rec-4657-dup-0
rec-6044-org,rec-6044-dup-2
rec-6044-dup-0,rec-6044-dup-2
rec-6044-dup-1,rec-6044-dup-2
rec-4446-org,rec-4446-dup-0
rec-5620-org,rec-5620-dup-1
rec-5620-dup-0,rec-5620-dup-1
rec-8057-org,rec-8057-dup-1
rec-8057-dup-0,rec-8057-dup-1
rec-4066-org,rec-4066-dup-0
rec-5530-org,rec-5530-dup-1
rec-5530-dup-0,rec-5530-dup-1
rec-3254-org,rec-3254-dup-0
rec-4453-org,rec-4453-dup-1
rec-4453-dup-0,rec-4453-dup-1
rec-8221-org,rec-8221-dup-0
rec-930-org,rec-930-dup-1
rec-930-dup-0,rec-930-dup-1
rec-7617-org,rec-7617-dup-0
rec-5659-org,rec-5659-dup-0
rec-3570-org,rec-3570-dup-1
rec-3570-dup-0,rec-3570-dup-1
rec-2316-org,rec-2316-dup-0
rec-6417-org,rec-6417-dup-2
rec-6417-dup-0,rec-6417-dup-2
rec-6417-dup-1,rec-6417-dup-2
rec-4677-org,rec-4677-dup-2
rec-4677-dup-0,rec-4677-dup-2
rec-4677-dup-1,rec-4677-dup-2
rec-930-org,rec-930-dup-0
rec-9539-org,rec-9539-dup-0
rec-7997-org,rec-7997-dup-1
rec-7997-dup-0,rec-7997-dup-1
rec-3859-org,rec-3859-dup-0
rec-4438-org,rec-4438-dup-0
rec-8577-org,rec-8577-dup-2
rec-8577-dup-0,rec-8577-dup-2
rec-8577-dup-1,rec-8577-dup-2
rec-8888-org,rec-8888-dup-0
rec-8996-org,rec-8996-dup-2
rec-8996-dup-0,rec-8996-dup-2
rec-8996-dup-1,rec-8996-dup-2
rec-6939-org,rec-6939-dup-0
rec-8605-org,rec-8605-dup-0
rec-9492-org,rec-9492-dup-0
rec-4619-org,rec-4619-dup-0
rec-6627-org,rec-6627-dup-0
rec-4919-org,rec-4919-dup-0
rec-4421-org,rec-4421-dup-0
rec-214-org,rec-214-dup-0
rec-3706-org,rec-3706-dup-0
rec-7767-org,rec-7767-dup-0
rec-2142-org,rec-2142-dup-0
rec-4669-org,rec-4669-dup-0
rec-5200-org,rec-5200-dup-0
rec-857-org,rec-857-dup-1
rec-857-dup-0,rec-857-dup-1
rec-7476-org,rec-7476-dup-0
rec-3025-org,rec-3025-dup-1
rec-3025-dup-0,rec-3025-dup-1
rec-4616-org,rec-4616-dup-1
rec-4616-dup-0,rec-4616-dup-1
rec-7828-org,rec-7828-dup-1
rec-7828-dup-0,rec-7828-dup-1
rec-8715-org,rec-8715-dup-0
rec-2289-org,rec-2289-dup-2
rec-2289-dup-0,rec-2289-dup-2
rec-2289-dup-1,rec-2289-dup-2
rec-6560-org,rec-6560-dup-1
rec-6560-dup-0,rec-6560-dup-1
rec-6199-org,rec-6199-dup-0
rec-3932-org,rec-3932-dup-1
rec-3932-dup-0,rec-3932-dup-1
rec-571-org,rec-571-dup-1
rec-571-dup-0,rec-571-dup-1
rec-6819-org,rec-6819-dup-2
rec-6819-dup-0,rec-6819-dup-2
rec-6819-dup-1,rec-6819-dup-2
rec-3371-org,rec-3371-dup-1
rec-3371-dup-0,rec-3371-dup-1
rec-1026-org,rec-1026-dup-0
rec-4453-org,rec-4453-dup-0
rec-4446-org,rec-4446-dup-2
rec-4446-dup-0,rec-4446-dup-2
rec-4446-dup-1,rec-4446-dup-2
rec-7676-org,rec-7676-dup-0
rec-7823-org,rec-7823-dup-0
rec-2533-org,rec-2533-dup-2
rec-2533-dup-0,rec-2533-dup-2
rec-2533-dup-1,rec-2533-dup-2
rec-5751-org,rec-5751-dup-1
rec-5751-dup-0,rec-5751-dup-1
rec-3932-org,rec-3932-dup-0
rec-3479-org,rec-3479-dup-1
rec-3479-dup-0,rec-3479-dup-1
rec-3352-org,rec-3352-dup-1
rec-3352-dup-0,rec-3352-dup-1
rec-7074-org,rec-7074-dup-0
rec-5607-org,rec-5607-dup-0
rec-6822-org,rec-6822-dup-1
rec-6822-dup-0,rec-6822-dup-1
rec-5229-org,rec-5229-dup-1
rec-5229-dup-0,rec-5229-dup-1
rec-6004-org,rec-6004-dup-0
rec-8521-org,rec-8521-dup-0
rec-3775-org,rec-3775-dup-0
rec-856-org,rec-856-dup-0
rec-965-org,rec-965-dup-0
rec-5530-org,rec-5530-dup-0
rec-6939-org,rec-6939-dup-1
rec-6939-dup-0,rec-6939-dup-1
rec-6960-org,rec-6960-dup-0
rec-9296-org,rec-9296-dup-0
rec-1116-org,rec-1116-dup-0
rec-1900-org,rec-1900-dup-1
rec-1900-dup-0,rec-1900-dup-1
rec-7209-org,rec-7209-dup-1
rec-7209-dup-0,rec-7209-dup-1
rec-7307-org,rec-7307-dup-0
rec-3395-org,rec-3395-dup-3
rec-3395-dup-0,rec-3395-dup-3
rec-3395-dup-1,rec-3395-dup-3
rec-3395-dup-2,rec-3395-dup-3
rec-7348-org,rec-7348-dup-0
rec-2543-org,rec-2543-dup-1
rec-2543-dup-0,rec-2543-dup-1
rec-1187-org,rec-1187-dup-1
rec-1187-dup-0,rec-1187-dup-1
rec-2266-org,rec-2266-dup-0
rec-8221-org,rec-8221-dup-1
rec-8221-dup-0,rec-8221-dup-1
rec-9595-org,rec-9595-dup-1
rec-9595-dup-0,rec-9595-dup-1
rec-7470-org,rec-7470-dup-0
rec-6356-org,rec-6356-dup-0
rec-4817-org,rec-4817-dup-0
rec-7443-org,rec-7443-dup-2
rec-7443-dup-0,rec-7443-dup-2
rec-7443-dup-1,rec-7443-dup-2
rec-7693-org,rec-7693-dup-1
rec-7693-dup-0,rec-7693-dup-1
rec-9255-org,rec-9255-dup-0
rec-8993-org,rec-8993-dup-1
rec-8993-dup-0,rec-8993-dup-1
rec-6619-org,rec-6619-dup-0
rec-633-org,rec-633-dup-1
rec-633-dup-0,rec-633-dup-1
rec-1883-org,rec-1883-dup-0
rec-5296-org,rec-5296-dup-1
rec-5296-dup-0,rec-5296-dup-1
rec-7661-org,rec-7661-dup-0
rec-1344-org,rec-1344-dup-2
rec-1344-dup-0,rec-1344-dup-2
rec-1344-dup-1,rec-1344-dup-2
rec-5006-org,rec-5006-dup-1
rec-5006-dup-0,rec-5006-dup-1
rec-7235-org,rec-7235-dup-0
rec-3443-org,rec-3443-dup-0
rec-7362-org,rec-7362-dup-1
rec-7362-dup-0,rec-7362-dup-1
rec-8455-org,rec-8455-dup-0
rec-2876-org,rec-2876-dup-0
rec-9322-org,rec-9322-dup-2
rec-9322-dup-0,rec-9322-dup-2
rec-9322-dup-1,rec-9322-dup-2
rec-9131-org,rec-9131-dup-0
rec-578-org,rec-578-dup-0
rec-7227-org,rec-7227-dup-0
rec-8715-org,rec-8715-dup-1
rec-8715-dup-0,rec-8715-dup-1
rec-6164-org,rec-6164-dup-1
rec-6164-dup-0,rec-6164-dup-1
rec-5132-org,rec-5132-dup-0
rec-5659-org,rec-5659-dup-1
rec-5659-dup-0,rec-5659-dup-1
rec-5620-org,rec-5620-dup-2
rec-5620-dup-0,rec-5620-dup-2
rec-5620-dup-1,rec-5620-dup-2
rec-6560-org,rec-6560-dup-0
rec-7569-org,rec-7569-dup-0
rec-5667-org,rec-5667-dup-0
rec-7729-org,rec-7729-dup-1
rec-7729-dup-0,rec-7729-dup-1
rec-5609-org,rec-5609-dup-1
rec-5609-dup-0,rec-5609-dup-1
rec-5269-org,rec-5269-dup-0
rec-1538-org,rec-1538-dup-1
rec-1538-dup-0,rec-1538-dup-1
rec-524-org,rec-524-dup-3
rec-524-dup-0,rec-524-dup-3
rec-524-dup-1,rec-524-dup-3
rec-524-dup-2,rec-524-dup-3
rec-8553-org,rec-8553-dup-0
rec-5534-org,rec-5534-dup-1
rec-5534-dup-0,rec-5534-dup-1
rec-1187-org,rec-1187-dup-0
rec-4105-org,rec-4105-dup-1
rec-4105-dup-0,rec-4105-dup-1
rec-3827-org,rec-3827-dup-0
rec-1177-org,rec-1177-dup-0
rec-8741-org,rec-8741-dup-1
rec-8741-dup-0,rec-8741-dup-1
rec-4997-org,rec-4997-dup-1
rec-4997-dup-0,rec-4997-dup-1
rec-399-org,rec-399-dup-0
rec-246-org,rec-246-dup-0
rec-6720-org,rec-6720-dup-1
rec-6720-dup-0,rec-6720-dup-1
rec-9322-org,rec-9322-dup-0
rec-1538-org,rec-1538-dup-0
rec-7236-org,rec-7236-dup-2
rec-7236-dup-0,rec-7236-dup-2
rec-7236-dup-1,rec-7236-dup-2
rec-8906-org,rec-8906-dup-0
rec-7308-org,rec-7308-dup-1
rec-7308-dup-0,rec-7308-dup-1
rec-5265-org,rec-5265-dup-1
rec-5265-dup-0,rec-5265-dup-1
rec-5814-org,rec-5814-dup-0
rec-5106-org,rec-5106-dup-0
rec-4158-org,rec-4158-dup-0
rec-7266-org,rec-7266-dup-0
rec-3949-org,rec-3949-dup-1
rec-3949-dup-0,rec-3949-dup-1
rec-5745-org,rec-5745-dup-1
rec-5745-dup-0,rec-5745-dup-1
rec-7430-org,rec-7430-dup-1
rec-7430-dup-0,rec-7430-dup-1
rec-3670-org,rec-3670-dup-0
rec-5854-org,rec-5854-dup-1
rec-5854-dup-0,rec-5854-dup-1
rec-3570-org,rec-3570-dup-0
rec-8743-org,rec-8743-dup-0
rec-8184-org,rec-8184-dup-1
rec-8184-dup-0,rec-8184-dup-1
rec-243-org,rec-243-dup-1
rec-243-dup-0,rec-243-dup-1
rec-1692-org,rec-1692-dup-1
rec-1692-dup-0,rec-1692-dup-1
rec-6412-org,rec-6412-dup-2
rec-6412-dup-0,rec-6412-dup-2
rec-6412-dup-1,rec-6412-dup-2
rec-4340-org,rec-4340-dup-0
rec-3223-org,rec-3223-dup-0
rec-2384-org,rec-2384-dup-1
rec-2384-dup-0,rec-2384-dup-1
rec-8004-org,rec-8004-dup-1
rec-8004-dup-0,rec-8004-dup-1
rec-9386-org,rec-9386-dup-2
rec-9386-dup-0,rec-9386-dup-2
rec-9386-dup-1,rec-9386-dup-2
rec-1865-org,rec-1865-dup-1
rec-1865-dup-0,rec-1865-dup-1
rec-2142-org,rec-2142-dup-1
rec-2142-dup-0,rec-2142-dup-1
rec-5681-org,rec-5681-dup-2
rec-5681-dup-0,rec-5681-dup-2
rec-5681-dup-1,rec-5681-dup-2
rec-7443-org,rec-7443-dup-0
rec-638-org,rec-638-dup-0
rec-7476-org,rec-7476-dup-1
rec-7476-dup-0,rec-7476-dup-1
rec-3352-org,rec-3352-dup-2
rec-3352-dup-0,rec-3352-dup-2
rec-3352-dup-1,rec-3352-dup-2
rec-4577-org,rec-4577-dup-0
rec-6445-org,rec-6445-dup-1
rec-6445-dup-0,rec-6445-dup-1
rec-7348-org,rec-7348-dup-1
rec-7348-dup-0,rec-7348-dup-1
rec-7762-org,rec-7762-dup-0
rec-2029-org,rec-2029-dup-0
rec-5293-org,rec-5293-dup-0
rec-7476-org,rec-7476-dup-2
rec-7476-dup-0,rec-7476-dup-2
rec-7476-dup-1,rec-7476-dup-2
rec-4009-org,rec-4009-dup-1
rec-4009-dup-0,rec-4009-dup-1
rec-4121-org,rec-4121-dup-0
rec-9386-org,rec-9386-dup-0
rec-2622-org,rec-2622-dup-1
rec-2622-dup-0,rec-2622-dup-1
rec-246-org,rec-246-dup-1
rec-246-dup-0,rec-246-dup-1
rec-7828-org,rec-7828-dup-0
rec-6529-org,rec-6529-dup-1
rec-6529-dup-0,rec-6529-dup-1
rec-5901-org,rec-5901-dup-1
rec-5901-dup-0,rec-5901-dup-1
rec-6788-org,rec-6788-dup-0
rec-135-org,rec-135-dup-0
rec-8531-org,rec-8531-dup-0
rec-8693-org,rec-8693-dup-0
rec-3025-org,rec-3025-dup-2
rec-3025-dup-0,rec-3025-dup-2
rec-3025-dup-1,rec-3025-dup-2
rec-1354-org,rec-1354-dup-1
rec-1354-dup-0,rec-1354-dup-1
rec-8590-org,rec-8590-dup-0
rec-9205-org,rec-9205-dup-0
rec-7724-org,rec-7724-dup-1
rec-7724-dup-0,rec-7724-dup-1
rec-3600-org,rec-3600-dup-1
rec-3600-dup-0,rec-3600-dup-1
rec-2299-org,rec-2299-dup-0
rec-7179-org,rec-7179-dup-0
rec-5401-org,rec-5401-dup-0
rec-3902-org,rec-3902-dup-0
rec-6412-org,rec-6412-dup-0
rec-3143-org,rec-3143-dup-0
rec-9933-org,rec-9933-dup-1
rec-9933-dup-0,rec-9933-dup-1
rec-5415-org,rec-5415-dup-1
rec-5415-dup-0,rec-5415-dup-1
rec-1747-org,rec-1747-dup-0
rec-1417-org,rec-1417-dup-0
rec-4997-org,rec-4997-dup-0
rec-8452-org,rec-8452-dup-0
rec-4158-org,rec-4158-dup-1
rec-4158-dup-0,rec-4158-dup-1
rec-1354-org,rec-1354-dup-3
rec-1354-dup-0,rec-1354-dup-3
rec-1354-dup-1,rec-1354-dup-3
rec-1354-dup-2,rec-1354-dup-3
rec-3689-org,rec-3689-dup-0
rec-216-org,rec-216-dup-1
rec-216-dup-0,rec-216-dup-1
rec-6133-org,rec-6133-dup-0
rec-4868-org,rec-4868-dup-0
rec-6473-org,rec-6473-dup-0
rec-6976-org,rec-6976-dup-0
rec-6004-org,rec-6004-dup-3
rec-6004-dup-0,rec-6004-dup-3
rec-6004-dup-1,rec-6004-dup-3
rec-6004-dup-2,rec-6004-dup-3
rec-9041-org,rec-9041-dup-2
rec-9041-dup-0,rec-9041-dup-2
rec-9041-dup-1,rec-9041-dup-2
rec-1748-org,rec-1748-dup-0
rec-1535-org,rec-1535-dup-1
rec-1535-dup-0,rec-1535-dup-1
rec-4919-org,rec-4919-dup-2
rec-4919-dup-0,rec-4919-dup-2
rec-4919-dup-1,rec-4919-dup-2
rec-295-org,rec-295-dup-1
rec-295-dup-0,rec-295-dup-1
rec-777-org,rec-777-dup-1
rec-777-dup-0,rec-777-dup-1
rec-7908-org,rec-7908-dup-0
rec-2289-org,rec-2289-dup-3
rec-2289-dup-0,rec-2289-dup-3
rec-2289-dup-1,rec-2289-dup-3
rec-2289-dup-2,rec-2289-dup-3
rec-9048-org,rec-9048-dup-0
rec-7716-org,rec-7716-dup-1
rec-7716-dup-0,rec-7716-dup-1
rec-4703-org,rec-4703-dup-0
rec-2607-org,rec-2607-dup-1
rec-2607-dup-0,rec-2607-dup-1
rec-4718-org,rec-4718-dup-1
rec-4718-dup-0,rec-4718-dup-1
rec-8871-org,rec-8871-dup-1
rec-8871-dup-0,rec-8871-dup-1
rec-295-org,rec-295-dup-0
rec-2689-org,rec-2689-dup-0
rec-8184-org,rec-8184-dup-3
rec-8184-dup-0,rec-8184-dup-3
rec-8184-dup-1,rec-8184-dup-3
rec-8184-dup-2,rec-8184-dup-3
rec-6418-org,rec-6418-dup-0
rec-4257-org,rec-4257-dup-0
rec-5914-org,rec-5914-dup-1
rec-5914-dup-0,rec-5914-dup-1
rec-638-org,rec-638-dup-1
rec-638-dup-0,rec-638-dup-1
rec-8008-org,rec-8008-dup-0
rec-4827-org,rec-4827-dup-2
rec-4827-dup-0,rec-4827-dup-2
rec-4827-dup-1,rec-4827-dup-2
rec-4568-org,rec-4568-dup-0
rec-4632-org,rec-4632-dup-0
rec-4260-org,rec-4260-dup-2
rec-4260-dup-0,rec-4260-dup-2
rec-4260-dup-1,rec-4260-dup-2
rec-4925-org,rec-4925-dup-0
rec-5984-org,rec-5984-dup-1
rec-5984-dup-0,rec-5984-dup-1
rec-5962-org,rec-5962-dup-1
rec-5962-dup-0,rec-5962-dup-1
rec-4718-org,rec-4718-dup-0
rec-8851-org,rec-8851-dup-0
rec-7209-org,rec-7209-dup-2
rec-7209-dup-0,rec-7209-dup-2
rec-7209-dup-1,rec-7209-dup-2
rec-6819-org,rec-6819-dup-1
rec-6819-dup-0,rec-6819-dup-1
rec-3479-org,rec-3479-dup-0
rec-6044-org,rec-6044-dup-1
rec-6044-dup-0,rec-6044-dup-1
rec-7541-org,rec-7541-dup-0
rec-6356-org,rec-6356-dup-2
rec-6356-dup-0,rec-6356-dup-2
rec-6356-dup-1,rec-6356-dup-2
rec-4158-org,rec-4158-dup-2
rec-4158-dup-0,rec-4158-dup-2
rec-4158-dup-1,rec-4158-dup-2
rec-8534-org,rec-8534-dup-2
rec-8534-dup-0,rec-8534-dup-2
rec-8534-dup-1,rec-8534-dup-2
rec-7058-org,rec-7058-dup-1
rec-7058-dup-0,rec-7058-dup-1
rec-5609-org,rec-5609-dup-2
rec-5609-dup-0,rec-5609-dup-2
rec-5609-dup-1,rec-5609-dup-2
rec-4875-org,rec-4875-dup-3
rec-4875-dup-0,rec-4875-dup-3
rec-4875-dup-1,rec-4875-dup-3
rec-4875-dup-2,rec-4875-dup-3
rec-9774-org,rec-9774-dup-0
rec-6448-org,rec-6448-dup-0
rec-3130-org,rec-3130-dup-0
rec-4703-org,rec-4703-dup-1
rec-4703-dup-0,rec-4703-dup-1
rec-80-org,rec-80-dup-0
rec-6492-org,rec-6492-dup-2
rec-6492-dup-0,rec-6492-dup-2
rec-6492-dup-1,rec-6492-dup-2
rec-8593-org,rec-8593-dup-0
rec-4910-org,rec-4910-dup-1
rec-4910-dup-0,rec-4910-dup-1
rec-7470-org,rec-7470-dup-1
rec-7470-dup-0,rec-7470-dup-1
rec-897-org,rec-897-dup-2
rec-897-dup-0,rec-897-dup-2
rec-897-dup-1,rec-897-dup-2
rec-2361-org,rec-2361-dup-1
rec-2361-dup-0,rec-2361-dup-1
rec-7569-org,rec-7569-dup-1
rec-7569-dup-0,rec-7569-dup-1
rec-92-org,rec-92-dup-1
rec-92-dup-0,rec-92-dup-1
rec-6044-org,rec-6044-dup-0
rec-7142-org,rec-7142-dup-0
rec-2436-org,rec-2436-dup-0
rec-9728-org,rec-9728-dup-1
rec-9728-dup-0,rec-9728-dup-1
rec-4901-org,rec-4901-dup-2
rec-4901-dup-0,rec-4901-dup-2
rec-4901-dup-1,rec-4901-dup-2
rec-2877-org,rec-2877-dup-0
rec-8871-org,rec-8871-dup-0
rec-4175-org,rec-4175-dup-1
rec-4175-dup-0,rec-4175-dup-1
rec-4925-org,rec-4925-dup-1
rec-4925-dup-0,rec-4925-dup-1
rec-6313-org,rec-6313-dup-0
rec-8713-org,rec-8713-dup-1
rec-8713-dup-0,rec-8713-dup-1
rec-7955-org,rec-7955-dup-0
rec-570-org,rec-570-dup-0
rec-6700-org,rec-6700-dup-0
rec-5523-org,rec-5523-dup-0
rec-1758-org,rec-1758-dup-0
rec-7593-org,rec-7593-dup-1
rec-7593-dup-0,rec-7593-dup-1
rec-437-org,rec-437-dup-0
rec-8766-org,rec-8766-dup-0
rec-2257-org,rec-2257-dup-0
rec-6199-org,rec-6199-dup-1
rec-6199-dup-0,rec-6199-dup-1
rec-7696-org,rec-7696-dup-0
rec-1433-org,rec-1433-dup-3
rec-1433-dup-0,rec-1433-dup-3
rec-1433-dup-1,rec-1433-dup-3
rec-1433-dup-2,rec-1433-dup-3
rec-3085-org,rec-3085-dup-2
rec-3085-dup-0,rec-3085-dup-2
rec-3085-dup-1,rec-3085-dup-2
rec-139-org,rec-139-dup-1
rec-139-dup-0,rec-139-dup-1
rec-6004-org,rec-6004-dup-2
rec-6004-dup-0,rec-6004-dup-2
rec-6004-dup-1,rec-6004-dup-2
rec-9058-org,rec-9058-dup-0
rec-1354-org,rec-1354-dup-2
rec-1354-dup-0,rec-1354-dup-2
rec-1354-dup-1,rec-1354-dup-2
rec-1849-org,rec-1849-dup-1
rec-1849-dup-0,rec-1849-dup-1
rec-3473-org,rec-3473-dup-3
rec-3473-dup-0,rec-3473-dup-3
rec-3473-dup-1,rec-3473-dup-3
rec-3473-dup-2,rec-3473-dup-3
rec-4616-org,rec-4616-dup-0
rec-7484-org,rec-7484-dup-0
rec-92-org,rec-92-dup-2
rec-92-dup-0,rec-92-dup-2
rec-92-dup-1,rec-92-dup-2
rec-2707-org,rec-2707-dup-1
rec-2707-dup-0,rec-2707-dup-1
rec-2266-org,rec-2266-dup-1
rec-2266-dup-0,rec-2266-dup-1
rec-4540-org,rec-4540-dup-0
rec-9544-org,rec-9544-dup-0
rec-1116-org,rec-1116-dup-1
rec-1116-dup-0,rec-1116-dup-1
rec-5751-org,rec-5751-dup-2
rec-5751-dup-0,rec-5751-dup-2
rec-5751-dup-1,rec-5751-dup-2
rec-9728-org,rec-9728-dup-0
rec-2578-org,rec-2578-dup-0
rec-1692-org,rec-1692-dup-3
rec-1692-dup-0,rec-1692-dup-3
rec-1692-dup-1,rec-1692-dup-3
rec-1692-dup-2,rec-1692-dup-3
rec-4818-org,rec-4818-dup-1
rec-4818-dup-0,rec-4818-dup-1
rec-2543-org,rec-2543-dup-0
rec-7460-org,rec-7460-dup-1
rec-7460-dup-0,rec-7460-dup-1
rec-9670-org,rec-9670-dup-0
rec-8227-org,rec-8227-dup-0
rec-9168-org,rec-9168-dup-0
rec-9048-org,rec-9048-dup-1
rec-9048-dup-0,rec-9048-dup-1
rec-6619-org,rec-6619-dup-1
rec-6619-dup-0,rec-6619-dup-1
rec-1832-org,rec-1832-dup-1
rec-1832-dup-0,rec-1832-dup-1
rec-7631-org,rec-7631-dup-2
rec-7631-dup-0,rec-7631-dup-2
rec-7631-dup-1,rec-7631-dup-2
rec-4718-org,rec-4718-dup-2
rec-4718-dup-0,rec-4718-dup-2
rec-4718-dup-1,rec-4718-dup-2
rec-6356-org,rec-6356-dup-1
rec-6356-dup-0,rec-6356-dup-1
rec-6652-org,rec-6652-dup-2
rec-6652-dup-0,rec-6652-dup-2
rec-6652-dup-1,rec-6652-dup-2
rec-216-org,rec-216-dup-3
rec-216-dup-0,rec-216-dup-3
rec-216-dup-1,rec-216-dup-3
rec-216-dup-2,rec-216-dup-3
rec-4674-org,rec-4674-dup-0
rec-897-org,rec-897-dup-1
rec-897-dup-0,rec-897-dup-1
rec-885-org,rec-885-dup-0
rec-1032-org,rec-1032-dup-0
rec-4919-org,rec-4919-dup-1
rec-4919-dup-0,rec-4919-dup-1
rec-8993-org,rec-8993-dup-0
rec-3098-org,rec-3098-dup-1
rec-3098-dup-0,rec-3098-dup-1
rec-7338-org,rec-7338-dup-1
rec-7338-dup-0,rec-7338-dup-1
rec-3545-org,rec-3545-dup-1
rec-3545-dup-0,rec-3545-dup-1
rec-4653-org,rec-4653-dup-2
rec-4653-dup-0,rec-4653-dup-2
rec-4653-dup-1,rec-4653-dup-2
rec-6827-org,rec-6827-dup-1
rec-6827-dup-0,rec-6827-dup-1
rec-4908-org,rec-4908-dup-1
rec-4908-dup-0,rec-4908-dup-1
rec-7480-org,rec-7480-dup-1
rec-7480-dup-0,rec-7480-dup-1
rec-6148-org,rec-6148-dup-0
rec-1433-org,rec-1433-dup-0
rec-3982-org,rec-3982-dup-0
rec-8888-org,rec-8888-dup-1
rec-8888-dup-0,rec-8888-dup-1
rec-216-org,rec-216-dup-2
rec-216-dup-0,rec-216-dup-2
rec-216-dup-1,rec-216-dup-2
rec-2289-org,rec-2289-dup-0
rec-3288-org,rec-3288-dup-0
rec-5-org,rec-5-dup-0
rec-5522-org,rec-5522-dup-0
rec-776-org,rec-776-dup-1
rec-776-dup-0,rec-776-dup-1
rec-5984-org,rec-5984-dup-2
rec-5984-dup-0,rec-5984-dup-2
rec-5984-dup-1,rec-5984-dup-2
rec-6819-org,rec-6819-dup-3
rec-6819-dup-0,rec-6819-dup-3
rec-6819-dup-1,rec-6819-dup-3
rec-6819-dup-2,rec-6819-dup-3
rec-9478-org,rec-9478-dup-2
rec-9478-dup-0,rec-9478-dup-2
rec-9478-dup-1,rec-9478-dup-2
rec-9478-org,rec-9478-dup-1
rec-9478-dup-0,rec-9478-dup-1
rec-6417-org,rec-6417-dup-3
rec-6417-dup-0,rec-6417-dup-3
rec-6417-dup-1,rec-6417-dup-3
rec-6417-dup-2,rec-6417-dup-3
rec-5681-org,rec-5681-dup-1
rec-5681-dup-0,rec-5681-dup-1
rec-3447-org,rec-3447-dup-1
rec-3447-dup-0,rec-3447-dup-1
rec-7405-org,rec-7405-dup-0
rec-2533-org,rec-2533-dup-0
rec-7696-org,rec-7696-dup-2
rec-7696-dup-0,rec-7696-dup-2
rec-7696-dup-1,rec-7696-dup-2
rec-3346-org,rec-3346-dup-0
rec-9730-org,rec-9730-dup-0
rec-7308-org,rec-7308-dup-2
rec-7308-dup-0,rec-7308-dup-2
rec-7308-dup-1,rec-7308-dup-2
rec-8999-org,rec-8999-dup-0
rec-3119-org,rec-3119-dup-0
rec-7942-org,rec-7942-dup-2
rec-7942-dup-0,rec-7942-dup-2
rec-7942-dup-1,rec-7942-dup-2
rec-4901-org,rec-4901-dup-0
rec-1770-org,rec-1770-dup-1
rec-1770-dup-0,rec-1770-dup-1
rec-9920-org,rec-9920-dup-1
rec-9920-dup-0,rec-9920-dup-1
rec-4318-org,rec-4318-dup-1
rec-4318-dup-0,rec-4318-dup-1
rec-2877-org,rec-2877-dup-1
rec-2877-dup-0,rec-2877-dup-1
rec-9907-org,rec-9907-dup-0
rec-5704-org,rec-5704-dup-0
rec-7673-org,rec-7673-dup-0
rec-2436-org,rec-2436-dup-1
rec-2436-dup-0,rec-2436-dup-1
rec-9630-org,rec-9630-dup-0
rec-2790-org,rec-2790-dup-2
rec-2790-dup-0,rec-2790-dup-2
rec-2790-dup-1,rec-2790-dup-2
rec-2707-org,rec-2707-dup-0
rec-5663-org,rec-5663-dup-0
rec-6718-org,rec-6718-dup-0
rec-5296-org,rec-5296-dup-0
rec-3982-org,rec-3982-dup-1
rec-3982-dup-0,rec-3982-dup-1
rec-9048-org,rec-9048-dup-2
rec-9048-dup-0,rec-9048-dup-2
rec-9048-dup-1,rec-9048-dup-2
rec-5599-org,rec-5599-dup-2
rec-5599-dup-0,rec-5599-dup-2
rec-5599-dup-1,rec-5599-dup-2
rec-9971-org,rec-9971-dup-0
rec-6920-org,rec-6920-dup-0
rec-9723-org,rec-9723-dup-0
rec-8593-org,rec-8593-dup-2
rec-8593-dup-0,rec-8593-dup-2
rec-8593-dup-1,rec-8593-dup-2
rec-2384-org,rec-2384-dup-0
rec-6916-org,rec-6916-dup-1
rec-6916-dup-0,rec-6916-dup-1
rec-9131-org,rec-9131-dup-1
rec-9131-dup-0,rec-9131-dup-1
rec-6819-org,rec-6819-dup-0
rec-2289-org,rec-2289-dup-1
rec-2289-dup-0,rec-2289-dup-1
rec-7249-org,rec-7249-dup-0
rec-5227-org,rec-5227-dup-0
rec-5094-org,rec-5094-dup-0
rec-7058-org,rec-7058-dup-0
rec-171-org,rec-171-dup-0
rec-4619-org,rec-4619-dup-2
rec-4619-dup-0,rec-4619-dup-2
rec-4619-dup-1,rec-4619-dup-2
rec-3836-org,rec-3836-dup-0
rec-5854-org,rec-5854-dup-0
rec-7830-org,rec-7830-dup-1
rec-7830-dup-0,rec-7830-dup-1
rec-6490-org,rec-6490-dup-1
rec-6490-dup-0,rec-6490-dup-1
rec-1841-org,rec-1841-dup-0
rec-7470-org,rec-7470-dup-2
rec-7470-dup-0,rec-7470-dup-2
rec-7470-dup-1,rec-7470-dup-2
rec-6155-org,rec-6155-dup-0
rec-7947-org,rec-7947-dup-0
rec-5622-org,rec-5622-dup-0
rec-9610-org,rec-9610-dup-0
rec-8232-org,rec-8232-dup-0
rec-3506-org,rec-3506-dup-1
rec-3506-dup-0,rec-3506-dup-1
rec-3371-org,rec-3371-dup-0
rec-7716-org,rec-7716-dup-0
rec-5620-org,rec-5620-dup-0
rec-2372-org,rec-2372-dup-0
rec-8531-org,rec-8531-dup-1
rec-8531-dup-0,rec-8531-dup-1
rec-5998-org,rec-5998-dup-1
rec-5998-dup-0,rec-5998-dup-1
rec-3374-org,rec-3374-dup-0
rec-8920-org,rec-8920-dup-0
rec-5006-org,rec-5006-dup-0
rec-4616-org,rec-4616-dup-2
rec-4616-dup-0,rec-4616-dup-2
rec-4616-dup-1,rec-4616-dup-2
rec-304-org,rec-304-dup-0
rec-4827-org,rec-4827-dup-0
rec-7997-org,rec-7997-dup-0
rec-6576-org,rec-6576-dup-2
rec-6576-dup-0,rec-6576-dup-2
rec-6576-dup-1,rec-6576-dup-2
rec-3214-org,rec-3214-dup-0
rec-8218-org,rec-8218-dup-1
rec-8218-dup-0,rec-8218-dup-1
rec-9595-org,rec-9595-dup-0
rec-3269-org,rec-3269-dup-2
rec-3269-dup-0,rec-3269-dup-2
rec-3269-dup-1,rec-3269-dup-2
rec-2543-org,rec-2543-dup-2
rec-2543-dup-0,rec-2543-dup-2
rec-2543-dup-1,rec-2543-dup-2
rec-4734-org,rec-4734-dup-1
rec-4734-dup-0,rec-4734-dup-1
rec-2392-org,rec-2392-dup-0
rec-1527-org,rec-1527-dup-0
rec-8528-org,rec-8528-dup-2
rec-8528-dup-0,rec-8528-dup-2
rec-8528-dup-1,rec-8528-dup-2
rec-6720-org,rec-6720-dup-0
rec-8534-org,rec-8534-dup-1
rec-8534-dup-0,rec-8534-dup-1
rec-897-org,rec-897-dup-0
rec-5663-org,rec-5663-dup-1
rec-5663-dup-0,rec-5663-dup-1
rec-3449-org,rec-3449-dup-0
rec-5555-org,rec-5555-dup-0
rec-3949-org,rec-3949-dup-0
rec-9196-org,rec-9196-dup-3
rec-9196-dup-0,rec-9196-dup-3
rec-9196-dup-1,rec-9196-dup-3
rec-9196-dup-2,rec-9196-dup-3
rec-4910-org,rec-4910-dup-2
rec-4910-dup-0,rec-4910-dup-2
rec-4910-dup-1,rec-4910-dup-2
rec-2271-org,rec-2271-dup-1
rec-2271-dup-0,rec-2271-dup-1
rec-7582-org,rec-7582-dup-1
rec-7582-dup-0,rec-7582-dup-1
rec-2435-org,rec-2435-dup-1
rec-2435-dup-0,rec-2435-dup-1
rec-653-org,rec-653-dup-0
rec-6745-org,rec-6745-dup-1
rec-6745-dup-0,rec-6745-dup-1
rec-2710-org,rec-2710-dup-0
rec-7236-org,rec-7236-dup-1
rec-7236-dup-0,rec-7236-dup-1
rec-8232-org,rec-8232-dup-1
rec-8232-dup-0,rec-8232-dup-1
rec-2080-org,rec-2080-dup-0
rec-893-org,rec-893-dup-1
rec-893-dup-0,rec-893-dup-1
rec-7460-org,rec-7460-dup-0
rec-7405-org,rec-7405-dup-1
rec-7405-dup-0,rec-7405-dup-1
rec-6745-org,rec-6745-dup-0
rec-7901-org,rec-7901-dup-0
rec-4725-org,rec-4725-dup-1
rec-4725-dup-0,rec-4725-dup-1
rec-5481-org,rec-5481-dup-0
rec-9747-org,rec-9747-dup-0
rec-9041-org,rec-9041-dup-3
rec-9041-dup-0,rec-9041-dup-3
rec-9041-dup-1,rec-9041-dup-3
rec-9041-dup-2,rec-9041-dup-3
rec-5073-org,rec-5073-dup-0
rec-2046-org,rec-2046-dup-1
rec-2046-dup-0,rec-2046-dup-1
rec-9492-org,rec-9492-dup-1
rec-9492-dup-0,rec-9492-dup-1
rec-8593-org,rec-8593-dup-1
rec-8593-dup-0,rec-8593-dup-1
rec-6417-org,rec-6417-dup-0
rec-7058-org,rec-7058-dup-2
rec-7058-dup-0,rec-7058-dup-2
rec-7058-dup-1,rec-7058-dup-2
rec-1535-org,rec-1535-dup-0
rec-5998-org,rec-5998-dup-0
rec-7074-org,rec-7074-dup-1
rec-7074-dup-0,rec-7074-dup-1
rec-9971-org,rec-9971-dup-1
rec-9971-dup-0,rec-9971-dup-1
rec-2877-org,rec-2877-dup-2
rec-2877-dup-0,rec-2877-dup-2
rec-2877-dup-1,rec-2877-dup-2
rec-3371-org,rec-3371-dup-2
rec-3371-dup-0,rec-3371-dup-2
rec-3371-dup-1,rec-3371-dup-2
rec-8282-org,rec-8282-dup-1
rec-8282-dup-0,rec-8282-dup-1
rec-5534-org,rec-5534-dup-0
rec-9364-org,rec-9364-dup-2
rec-9364-dup-0,rec-9364-dup-2
rec-9364-dup-1,rec-9364-dup-2
rec-2361-org,rec-2361-dup-0
rec-3085-org,rec-3085-dup-1
rec-3085-dup-0,rec-3085-dup-1
rec-4827-org,rec-4827-dup-1
rec-4827-dup-0,rec-4827-dup-1
rec-3395-org,rec-3395-dup-0
rec-788-org,rec-788-dup-0
rec-5842-org,rec-5842-dup-0
rec-6576-org,rec-6576-dup-0
rec-7430-org,rec-7430-dup-0
rec-6720-org,rec-6720-dup-2
rec-6720-dup-0,rec-6720-dup-2
rec-6720-dup-1,rec-6720-dup-2
rec-399-org,rec-399-dup-1
rec-399-dup-0,rec-399-dup-1
rec-9492-org,rec-9492-dup-2
rec-9492-dup-0,rec-9492-dup-2
rec-9492-dup-1,rec-9492-dup-2
rec-243-org,rec-243-dup-0
rec-3300-org,rec-3300-dup-0
rec-1167-org,rec-1167-dup-1
rec-1167-dup-0,rec-1167-dup-1
rec-5442-org,rec-5442-dup-0
rec-570-org,rec-570-dup-1
rec-570-dup-0,rec-570-dup-1
rec-1032-org,rec-1032-dup-1
rec-1032-dup-0,rec-1032-dup-1
rec-7661-org,rec-7661-dup-2
rec-7661-dup-0,rec-7661-dup-2
rec-7661-dup-1,rec-7661-dup-2
rec-6188-org,rec-6188-dup-0
rec-8564-org,rec-8564-dup-0
rec-1477-org,rec-1477-dup-0
rec-5901-org,rec-5901-dup-0
rec-7729-org,rec-7729-dup-3
rec-7729-dup-0,rec-7729-dup-3
rec-7729-dup-1,rec-7729-dup-3
rec-7729-dup-2,rec-7729-dup-3
rec-3670-org,rec-3670-dup-1
rec-3670-dup-0,rec-3670-dup-1
rec-4432-org,rec-4432-dup-1
rec-4432-dup-0,rec-4432-dup-1
rec-9894-org,rec-9894-dup-0
rec-4677-org,rec-4677-dup-1
rec-4677-dup-0,rec-4677-dup-1
rec-7142-org,rec-7142-dup-1
rec-7142-dup-0,rec-7142-dup-1
rec-1344-org,rec-1344-dup-1
rec-1344-dup-0,rec-1344-dup-1
rec-3097-org,rec-3097-dup-1
rec-3097-dup-0,rec-3097-dup-1
rec-7631-org,rec-7631-dup-0
rec-2301-org,rec-2301-dup-0
rec-4619-org,rec-4619-dup-1
rec-4619-dup-0,rec-4619-dup-1
rec-146-org,rec-146-dup-0
rec-8099-org,rec-8099-dup-1
rec-8099-dup-0,rec-8099-dup-1
rec-7942-org,rec-7942-dup-1
rec-7942-dup-0,rec-7942-dup-1
rec-7546-org,rec-7546-dup-0
rec-9368-org,rec-9368-dup-1
rec-9368-dup-0,rec-9368-dup-1
rec-9364-org,rec-9364-dup-1
rec-9364-dup-0,rec-9364-dup-1
rec-8205-org,rec-8205-dup-0
rec-5106-org,rec-5106-dup-1
rec-5106-dup-0,rec-5106-dup-1
rec-7673-org,rec-7673-dup-1
rec-7673-dup-0,rec-7673-dup-1
rec-5871-org,rec-5871-dup-0
rec-3567-org,rec-3567-dup-0
rec-4058-org,rec-4058-dup-0
rec-4875-org,rec-4875-dup-1
rec-4875-dup-0,rec-4875-dup-1
rec-5833-org,rec-5833-dup-1
rec-5833-dup-0,rec-5833-dup-1
rec-7249-org,rec-7249-dup-1
rec-7249-dup-0,rec-7249-dup-1
rec-3004-org,rec-3004-dup-0
rec-9375-org,rec-9375-dup-0
rec-2303-org,rec-2303-dup-2
rec-2303-dup-0,rec-2303-dup-2
rec-2303-dup-1,rec-2303-dup-2
rec-5842-org,rec-5842-dup-1
rec-5842-dup-0,rec-5842-dup-1
rec-3288-org,rec-3288-dup-2
rec-3288-dup-0,rec-3288-dup-2
rec-3288-dup-1,rec-3288-dup-2
rec-2740-org,rec-2740-dup-0
rec-1464-org,rec-1464-dup-1
rec-1464-dup-0,rec-1464-dup-1
rec-6560-org,rec-6560-dup-2
rec-6560-dup-0,rec-6560-dup-2
rec-6560-dup-1,rec-6560-dup-2
rec-2790-org,rec-2790-dup-0
rec-5415-org,rec-5415-dup-0
rec-4910-org,rec-4910-dup-3
rec-4910-dup-0,rec-4910-dup-3
rec-4910-dup-1,rec-4910-dup-3
rec-4910-dup-2,rec-4910-dup-3
rec-5607-org,rec-5607-dup-2
rec-5607-dup-0,rec-5607-dup-2
rec-5607-dup-1,rec-5607-dup-2
rec-6822-org,rec-6822-dup-2
rec-6822-dup-0,rec-6822-dup-2
rec-6822-dup-1,rec-6822-dup-2
rec-1354-org,rec-1354-dup-0
rec-4875-org,rec-4875-dup-0
rec-9967-org,rec-9967-dup-0
rec-7290-org,rec-7290-dup-1
rec-7290-dup-0,rec-7290-dup-1
rec-5871-org,rec-5871-dup-1
rec-5871-dup-0,rec-5871-dup-1
rec-4175-org,rec-4175-dup-0
rec-3424-org,rec-3424-dup-0
rec-7235-org,rec-7235-dup-1
rec-7235-dup-0,rec-7235-dup-1
rec-4726-org,rec-4726-dup-1
rec-4726-dup-0,rec-4726-dup-1
rec-3818-org,rec-3818-dup-0
rec-3352-org,rec-3352-dup-0
rec-1262-org,rec-1262-dup-0
rec-6556-org,rec-6556-dup-0
rec-4805-org,rec-4805-dup-1
rec-4805-dup-0,rec-4805-dup-1
rec-6070-org,rec-6070-dup-1
rec-6070-dup-0,rec-6070-dup-1
rec-7010-org,rec-7010-dup-1
rec-7010-dup-0,rec-7010-dup-1
rec-9375-org,rec-9375-dup-1
rec-9375-dup-0,rec-9375-dup-1
rec-4818-org,rec-4818-dup-0
rec-1748-org,rec-1748-dup-1
rec-1748-dup-0,rec-1748-dup-1
rec-9037-org,rec-9037-dup-1
rec-9037-dup-0,rec-9037-dup-1
rec-3943-org,rec-3943-dup-0
rec-6920-org,rec-6920-dup-1
rec-6920-dup-0,rec-6920-dup-1
rec-3473-org,rec-3473-dup-0
rec-92-org,rec-92-dup-0
rec-4446-org,rec-4446-dup-1
rec-4446-dup-0,rec-4446-dup-1
rec-2303-org,rec-2303-dup-0
rec-5814-org,rec-5814-dup-1
rec-5814-dup-0,rec-5814-dup-1
rec-1692-org,rec-1692-dup-2
rec-1692-dup-0,rec-1692-dup-2
rec-1692-dup-1,rec-1692-dup-2
rec-857-org,rec-857-dup-0
rec-6047-org,rec-6047-dup-0
rec-5073-org,rec-5073-dup-1
rec-5073-dup-0,rec-5073-dup-1
rec-1121-org,rec-1121-dup-0
rec-1344-org,rec-1344-dup-3
rec-1344-dup-0,rec-1344-dup-3
rec-1344-dup-1,rec-1344-dup-3
rec-1344-dup-2,rec-1344-dup-3
rec-3346-org,rec-3346-dup-2
rec-3346-dup-0,rec-3346-dup-2
rec-3346-dup-1,rec-3346-dup-2
rec-3382-org,rec-3382-dup-1
rec-3382-dup-0,rec-3382-dup-1
rec-4875-org,rec-4875-dup-2
rec-4875-dup-0,rec-4875-dup-2
rec-4875-dup-1,rec-4875-dup-2
rec-1841-org,rec-1841-dup-1
rec-1841-dup-0,rec-1841-dup-1
rec-2385-org,rec-2385-dup-2
rec-2385-dup-0,rec-2385-dup-2
rec-2385-dup-1,rec-2385-dup-2
rec-108-org,rec-108-dup-1
rec-108-dup-0,rec-108-dup-1
rec-3269-org,rec-3269-dup-1
rec-3269-dup-0,rec-3269-dup-1
rec-772-org,rec-772-dup-0
rec-8282-org,rec-8282-dup-0
rec-5609-org,rec-5609-dup-3
rec-5609-dup-0,rec-5609-dup-3
rec-5609-dup-1,rec-5609-dup-3
rec-5609-dup-2,rec-5609-dup-3
rec-2260-org,rec-2260-dup-0
rec-7992-org,rec-7992-dup-1
rec-7992-dup-0,rec-7992-dup-1
rec-4868-org,rec-4868-dup-1
rec-4868-dup-0,rec-4868-dup-1
rec-6417-org,rec-6417-dup-1
rec-6417-dup-0,rec-6417-dup-1
rec-2876-org,rec-2876-dup-2
rec-2876-dup-0,rec-2876-dup-2
rec-2876-dup-1,rec-2876-dup-2
rec-8521-org,rec-8521-dup-1
rec-8521-dup-0,rec-8521-dup-1
rec-7830-org,rec-7830-dup-2
rec-7830-dup-0,rec-7830-dup-2
rec-7830-dup-1,rec-7830-dup-2
rec-2572-org,rec-2572-dup-2
rec-2572-dup-0,rec-2572-dup-2
rec-2572-dup-1,rec-2572-dup-2
rec-1900-org,rec-1900-dup-0
rec-1464-org,rec-1464-dup-0
rec-5751-org,rec-5751-dup-0
rec-9920-org,rec-9920-dup-0
rec-2046-org,rec-2046-dup-0
rec-2385-org,rec-2385-dup-0
rec-7322-org,rec-7322-dup-0
rec-4625-org,rec-4625-dup-1
rec-4625-dup-0,rec-4625-dup-1
rec-7362-org,rec-7362-dup-0
rec-7582-org,rec-7582-dup-0
rec-4318-org,rec-4318-dup-0
rec-1153-org,rec-1153-dup-1
rec-1153-dup-0,rec-1153-dup-1
rec-6313-org,rec-6313-dup-1
rec-6313-dup-0,rec-6313-dup-1
rec-2876-org,rec-2876-dup-1
rec-2876-dup-0,rec-2876-dup-1
rec-2578-org,rec-2578-dup-1
rec-2578-dup-0,rec-2578-dup-1
rec-7724-org,rec-7724-dup-0
rec-2025-org,rec-2025-dup-0
rec-8577-org,rec-8577-dup-1
rec-8577-dup-0,rec-8577-dup-1
rec-2607-org,rec-2607-dup-2
rec-2607-dup-0,rec-2607-dup-2
rec-2607-dup-1,rec-2607-dup-2
rec-7793-org,rec-7793-dup-0
rec-2661-org,rec-2661-dup-1
rec-2661-dup-0,rec-2661-dup-1
rec-8888-org,rec-8888-dup-2
rec-8888-dup-0,rec-8888-dup-2
rec-8888-dup-1,rec-8888-dup-2
rec-753-org,rec-753-dup-0
rec-8906-org,rec-8906-dup-1
rec-8906-dup-0,rec-8906-dup-1
rec-9266-org,rec-9266-dup-0
rec-8057-org,rec-8057-dup-0
rec-5201-org,rec-5201-dup-0
rec-4726-org,rec-4726-dup-0
rec-9266-org,rec-9266-dup-1
rec-9266-dup-0,rec-9266-dup-1
rec-4734-org,rec-4734-dup-0
rec-4632-org,rec-4632-dup-1
rec-4632-dup-0,rec-4632-dup-1
rec-4805-org,rec-4805-dup-2
rec-4805-dup-0,rec-4805-dup-2
rec-4805-dup-1,rec-4805-dup-2
rec-9478-org,rec-9478-dup-0
rec-3739-org,rec-3739-dup-1
rec-3739-dup-0,rec-3739-dup-1
rec-7266-org,rec-7266-dup-1
rec-7266-dup-0,rec-7266-dup-1
rec-2524-org,rec-2524-dup-2
rec-2524-dup-0,rec-2524-dup-2
rec-2524-dup-1,rec-2524-dup-2
rec-2452-org,rec-2452-dup-1
rec-2452-dup-0,rec-2452-dup-1
rec-7729-org,rec-7729-dup-0
rec-7767-org,rec-7767-dup-1
rec-7767-dup-0,rec-7767-dup-1
rec-5682-org,rec-5682-dup-0
rec-5833-org,rec-5833-dup-0
rec-5265-org,rec-5265-dup-0
rec-9088-org,rec-9088-dup-1
rec-9088-dup-0,rec-9088-dup-1
rec-8593-org,rec-8593-dup-3
rec-8593-dup-0,rec-8593-dup-3
rec-8593-dup-1,rec-8593-dup-3
rec-8593-dup-2,rec-8593-dup-3
rec-6492-org,rec-6492-dup-1
rec-6492-dup-0,rec-6492-dup-1
rec-2979-org,rec-2979-dup-0
rec-5690-org,rec-5690-dup-0
rec-4122-org,rec-4122-dup-1
rec-4122-dup-0,rec-4122-dup-1
rec-1832-org,rec-1832-dup-0
rec-2316-org,rec-2316-dup-1
rec-2316-dup-0,rec-2316-dup-1
rec-4583-org,rec-4583-dup-2
rec-4583-dup-0,rec-4583-dup-2
rec-4583-dup-1,rec-4583-dup-2
rec-6070-org,rec-6070-dup-2
rec-6070-dup-0,rec-6070-dup-2
rec-6070-dup-1,rec-6070-dup-2
rec-6116-org,rec-6116-dup-0
rec-6556-org,rec-6556-dup-2
rec-6556-dup-0,rec-6556-dup-2
rec-6556-dup-1,rec-6556-dup-2
rec-2805-org,rec-2805-dup-0
rec-2572-org,rec-2572-dup-0
rec-9819-org,rec-9819-dup-0
rec-4725-org,rec-4725-dup-0
rec-9088-org,rec-9088-dup-0
rec-8521-org,rec-8521-dup-2
rec-8521-dup-0,rec-8521-dup-2
rec-8521-dup-1,rec-8521-dup-2
rec-4971-org,rec-4971-dup-0
rec-5746-org,rec-5746-dup-0
rec-7480-org,rec-7480-dup-0
rec-5094-org,rec-5094-dup-1
rec-5094-dup-0,rec-5094-dup-1
rec-7209-org,rec-7209-dup-0
rec-6133-org,rec-6133-dup-1
rec-6133-dup-0,rec-6133-dup-1
rec-7830-org,rec-7830-dup-0
rec-7313-org,rec-7313-dup-0
rec-7235-org,rec-7235-dup-2
rec-7235-dup-0,rec-7235-dup-2
rec-7235-dup-1,rec-7235-dup-2
rec-9364-org,rec-9364-dup-0
rec-5240-org,rec-5240-dup-0
rec-8146-org,rec-8146-dup-1
rec-8146-dup-0,rec-8146-dup-1
rec-8715-org,rec-8715-dup-2
rec-8715-dup-0,rec-8715-dup-2
rec-8715-dup-1,rec-8715-dup-2
rec-2372-org,rec-2372-dup-1
rec-2372-dup-0,rec-2372-dup-1
rec-6186-org,rec-6186-dup-0
rec-3600-org,rec-3600-dup-0
rec-289-org,rec-289-dup-0
rec-8680-org,rec-8680-dup-0
rec-7325-org,rec-7325-dup-0
rec-9205-org,rec-9205-dup-1
rec-9205-dup-0,rec-9205-dup-1
rec-7729-org,rec-7729-dup-2
rec-7729-dup-0,rec-7729-dup-2
rec-7729-dup-1,rec-7729-dup-2
rec-9386-org,rec-9386-dup-1
rec-9386-dup-0,rec-9386-dup-1
rec-246-org,rec-246-dup-2
rec-246-dup-0,rec-246-dup-2
rec-246-dup-1,rec-246-dup-2
rec-108-org,rec-108-dup-0
rec-6047-org,rec-6047-dup-1
rec-6047-dup-0,rec-6047-dup-1
rec-4122-org,rec-4122-dup-0
rec-8455-org,rec-8455-dup-1
rec-8455-dup-0,rec-8455-dup-1
rec-6328-org,rec-6328-dup-0
rec-3027-org,rec-3027-dup-0
rec-4253-org,rec-4253-dup-2
rec-4253-dup-0,rec-4253-dup-2
rec-4253-dup-1,rec-4253-dup-2
rec-3739-org,rec-3739-dup-0
rec-5985-org,rec-5985-dup-1
rec-5985-dup-0,rec-5985-dup-1
rec-1177-org,rec-1177-dup-1
rec-1177-dup-0,rec-1177-dup-1
rec-6473-org,rec-6473-dup-1
rec-6473-dup-0,rec-6473-dup-1
rec-9416-org,rec-9416-dup-0
rec-2827-org,rec-2827-dup-0
rec-2524-org,rec-2524-dup-1
rec-2524-dup-0,rec-2524-dup-1
rec-3464-org,rec-3464-dup-0
rec-6822-org,rec-6822-dup-0
rec-8184-org,rec-8184-dup-2
rec-8184-dup-0,rec-8184-dup-2
rec-8184-dup-1,rec-8184-dup-2
rec-6436-org,rec-6436-dup-1
rec-6436-dup-0,rec-6436-dup-1
rec-4910-org,rec-4910-dup-0
rec-9651-org,rec-9651-dup-0
rec-5231-org,rec-5231-dup-0
rec-9123-org,rec-9123-dup-1
rec-9123-dup-0,rec-9123-dup-1
rec-9933-org,rec-9933-dup-0
rec-7546-org,rec-7546-dup-1
rec-7546-dup-0,rec-7546-dup-1
rec-1153-org,rec-1153-dup-0
rec-2372-org,rec-2372-dup-2
rec-2372-dup-0,rec-2372-dup-2
rec-2372-dup-1,rec-2372-dup-2
rec-8577-org,rec-8577-dup-0
rec-3085-org,rec-3085-dup-3
rec-3085-dup-0,rec-3085-dup-3
rec-3085-dup-1,rec-3085-dup-3
rec-3085-dup-2,rec-3085-dup-3
rec-4253-org,rec-4253-dup-0
rec-633-org,rec-633-dup-0
rec-8713-org,rec-8713-dup-0
rec-8172-org,rec-8172-dup-0
rec-8534-org,rec-8534-dup-0
rec-7631-org,rec-7631-dup-1
rec-7631-dup-0,rec-7631-dup-1
rec-1865-org,rec-1865-dup-2
rec-1865-dup-0,rec-1865-dup-2
rec-1865-dup-1,rec-1865-dup-2
rec-2884-org,rec-2884-dup-0
rec-6164-org,rec-6164-dup-0
rec-1408-org,rec-1408-dup-0
rec-8880-org,rec-8880-dup-0
rec-7308-org,rec-7308-dup-3
rec-7308-dup-0,rec-7308-dup-3
rec-7308-dup-1,rec-7308-dup-3
rec-7308-dup-2,rec-7308-dup-3
rec-1535-org,rec-1535-dup-2
rec-1535-dup-0,rec-1535-dup-2
rec-1535-dup-1,rec-1535-dup-2
rec-6916-org,rec-6916-dup-0
rec-4121-org,rec-4121-dup-1
rec-4121-dup-0,rec-4121-dup-1
rec-2790-org,rec-2790-dup-1
rec-2790-dup-0,rec-2790-dup-1
rec-3506-org,rec-3506-dup-0
rec-7661-org,rec-7661-dup-3
rec-7661-dup-0,rec-7661-dup-3
rec-7661-dup-1,rec-7661-dup-3
rec-7661-dup-2,rec-7661-dup-3
rec-7443-org,rec-7443-dup-1
rec-7443-dup-0,rec-7443-dup-1
rec-7901-org,rec-7901-dup-1
rec-7901-dup-0,rec-7901-dup-1
rec-4653-org,rec-4653-dup-1
rec-4653-dup-0,rec-4653-dup-1
rec-96-org,rec-96-dup-1
rec-96-dup-0,rec-96-dup-1
rec-5943-org,rec-5943-dup-1
rec-5943-dup-0,rec-5943-dup-1
rec-6788-org,rec-6788-dup-2
rec-6788-dup-0,rec-6788-dup-2
rec-6788-dup-1,rec-6788-dup-2
rec-524-org,rec-524-dup-0
rec-765-org,rec-765-dup-0
rec-4653-org,rec-4653-dup-0
rec-6445-org,rec-6445-dup-0
rec-5914-org,rec-5914-dup-0
rec-5229-org,rec-5229-dup-0
rec-7693-org,rec-7693-dup-0
rec-6939-org,rec-6939-dup-3
rec-6939-dup-0,rec-6939-dup-3
rec-6939-dup-1,rec-6939-dup-3
rec-6939-dup-2,rec-6939-dup-3
rec-5442-org,rec-5442-dup-1
rec-5442-dup-0,rec-5442-dup-1
rec-6715-org,rec-6715-dup-0
rec-3223-org,rec-3223-dup-1
rec-3223-dup-0,rec-3223-dup-1
rec-9728-org,rec-9728-dup-2
rec-9728-dup-0,rec-9728-dup-2
rec-9728-dup-1,rec-9728-dup-2
rec-1433-org,rec-1433-dup-1
rec-1433-dup-0,rec-1433-dup-1
rec-6436-org,rec-6436-dup-0
rec-6328-org,rec-6328-dup-1
rec-6328-dup-0,rec-6328-dup-1
rec-5607-org,rec-5607-dup-3
rec-5607-dup-0,rec-5607-dup-3
rec-5607-dup-1,rec-5607-dup-3
rec-5607-dup-2,rec-5607-dup-3
rec-3473-org,rec-3473-dup-2
rec-3473-dup-0,rec-3473-dup-2
rec-3473-dup-1,rec-3473-dup-2
rec-9123-org,rec-9123-dup-0
rec-1993-org,rec-1993-dup-0
rec-8553-org,rec-8553-dup-1
rec-8553-dup-0,rec-8553-dup-1
rec-6842-org,rec-6842-dup-0
rec-2025-org,rec-2025-dup-1
rec-2025-dup-0,rec-2025-dup-1
rec-8338-org,rec-8338-dup-1
rec-8338-dup-0,rec-8338-dup-1
rec-3464-org,rec-3464-dup-1
rec-3464-dup-0,rec-3464-dup-1
rec-4908-org,rec-4908-dup-0
rec-2622-org,rec-2622-dup-0
rec-1167-org,rec-1167-dup-0
rec-6155-org,rec-6155-dup-1
rec-6155-dup-0,rec-6155-dup-1
rec-2301-org,rec-2301-dup-1
rec-2301-dup-0,rec-2301-dup-1
rec-2572-org,rec-2572-dup-1
rec-2572-dup-0,rec-2572-dup-1
rec-7074-org,rec-7074-dup-2
rec-7074-dup-0,rec-7074-dup-2
rec-7074-dup-1,rec-7074-dup-2
